Countrycode,Namespace,AirQualityNetwork,AirQualityStation,AirQualityStationEoICode,SamplingPoint,SamplingProcess,Sample,AirPollutant,AirPollutantCode,AveragingTime,Concentration,UnitOfMeasurement,DatetimeBegin,DatetimeEnd,Validity,Verification
ES,ES.BDCA.AQD,NET_ES209A,STA_ES1438A,ES1438A,SP_08019043_9_M,SPP_08019043_9_M.1,SAM_08019043_9_M,PM2.5,http://dd.eionet.europa.eu/vocabulary/aq/pollutant/6001,day,14.2,µg/m3,2013-10-19 00:00:00 +01:00,2013-10-20 00:00:00 +01:00,1,1
ES,ES.BDCA.AQD,NET_ES209A,STA_ES1438A,ES1438A,SP_08019043_9_M,SPP_08019043_9_M.1,SAM_08019043_9_M,PM2.5,http://dd.eionet.europa.eu/vocabulary/aq/pollutant/6001,day,,µg/m3,2013-01-07 00:00:00 +01:00,2013-01-08 00:00:00 +01:00,-1,1
ES,ES.BDCA.AQD,NET_ES209A,STA_ES1438A,ES1438A,SP_08019043_9_M,SPP_08019043_9_M.1,SAM_08019043_9_M,PM2.5,http://dd.eionet.europa.eu/vocabulary/aq/pollutant/6001,day,16.4,µg/m3,2013-10-17 00:00:00 +01:00,2013-10-18 00:00:00 +01:00,1,1
ES,ES.BDCA.AQD,NET_ES209A,STA_ES1438A,ES1438A,SP_08019043_9_M,SPP_08019043_9_M.1,SAM_08019043_9_M,PM2.5,http://dd.eionet.europa.eu/vocabulary/aq/pollutant/6001,day,20.9,µg/m3,2013-10-22 00:00:00 +01:00,2013-10-23 00:00:00 +01:00,1,1
ES,ES.BDCA.AQD,NET_ES209A,STA_ES1438A,ES1438A,SP_08019043_9_M,SPP_08019043_9_M.1,SAM_08019043_9_M,PM2.5,http://dd.eionet.europa.eu/vocabulary/aq/pollutant/6001,day,19.6,µg/m3,2013-10-16 00:00:00 +01:00,2013-10-17 00:00:00 +01:00,1,1
ES,ES.BDCA.AQD,NET_ES209A,STA_ES1438A,ES1438A,SP_08019043_9_M,SPP_08019043_9_M.1,SAM_08019043_9_M,PM2.5,http://dd.eionet.europa.eu/vocabulary/aq/pollutant/6001,day,20.5,µg/m3,2013-02-25 00:00:00 +01:00,2013-02-26 00:00:00 +01:00,1,1
ES,ES.BDCA.AQD,NET_ES209A,STA_ES1438A,ES1438A,SP_08019043_9_M,SPP_08019043_9_M.1,SAM_08019043_9_M,PM2.5,http://dd.eionet.europa.eu/vocabulary/aq/pollutant/6001,day,19.7,µg/m3,2013-10-24 00:00:00 +01:00,2013-10-25 00:00:00 +01:00,1,1
ES,ES.BDCA.AQD,NET_ES209A,STA_ES1438A,ES1438A,SP_08019043_9_M,SPP_08019043_9_M.1,SAM_08019043_9_M,PM2.5,http://dd.eionet.europa.eu/vocabulary/aq/pollutant/6001,day,20.0,µg/m3,2013-06-05 00:00:00 +01:00,2013-06-06 00:00:00 +01:00,1,1
ES,ES.BDCA.AQD,NET_ES209A,STA_ES1438A,ES1438A,SP_08019043_9_M,SPP_08019043_9_M.1,SAM_08019043_9_M,PM2.5,http://dd.eionet.europa.eu/vocabulary/aq/pollutant/6001,day,25.8,µg/m3,2013-12-05 00:00:00 +01:00,2013-12-06 00:00:00 +01:00,1,1
ES,ES.BDCA.AQD,NET_ES209A,STA_ES1438A,ES1438A,SP_08019043_9_M,SPP_08019043_9_M.1,SAM_08019043_9_M,PM2.5,http://dd.eionet.europa.eu/vocabulary/aq/pollutant/6001,day,21.6,µg/m3,2013-10-21 00:00:00 +01:00,2013-10-22 00:00:00 +01:00,1,1
ES,ES.BDCA.AQD,NET_ES209A,STA_ES1438A,ES1438A,SP_08019043_9_M,SPP_08019043_9_M.1,SAM_08019043_9_M,PM2.5,http://dd.eionet.europa.eu/vocabulary/aq/pollutant/6001,day,18.9,µg/m3,2013-10-18 00:00:00 +01:00,2013-10-19 00:00:00 +01:00,1,1
ES,ES.BDCA.AQD,NET_ES209A,STA_ES1438A,ES1438A,SP_08019043_9_M,SPP_08019043_9_M.1,SAM_08019043_9_M,PM2.5,http://dd.eionet.europa.eu/vocabulary/aq/pollutant/6001,day,22.0,µg/m3,2013-12-09 00:00:00 +01:00,2013-12-10 00:00:00 +01:00,1,1
ES,ES.BDCA.AQD,NET_ES209A,STA_ES1438A,ES1438A,SP_08019043_9_M,SPP_08019043_9_M.1,SAM_08019043_9_M,PM2.5,http://dd.eionet.europa.eu/vocabulary/aq/pollutant/6001,day,12.4,µg/m3,2013-11-13 00:00:00 +01:00,2013-11-14 00:00:00 +01:00,1,1
ES,ES.BDCA.AQD,NET_ES209A,STA_ES1438A,ES1438A,SP_08019043_9_M,SPP_08019043_9_M.1,SAM_08019043_9_M,PM2.5,http://dd.eionet.europa.eu/vocabulary/aq/pollutant/6001,day,14.7,µg/m3,2013-11-08 00:00:00 +01:00,2013-11-09 00:00:00 +01:00,1,1
ES,ES.BDCA.AQD,NET_ES209A,STA_ES1438A,ES1438A,SP_08019043_9_M,SPP_08019043_9_M.1,SAM_08019043_9_M,PM2.5,http://dd.eionet.europa.eu/vocabulary/aq/pollutant/6001,day,8.0,µg/m3,2013-11-18 00:00:00 +01:00,2013-11-19 00:00:00 +01:00,1,1
ES,ES.BDCA.AQD,NET_ES209A,STA_ES1438A,ES1438A,SP_08019043_9_M,SPP_08019043_9_M.1,SAM_08019043_9_M,PM2.5,http://dd.eionet.europa.eu/vocabulary/aq/pollutant/6001,day,13.9,µg/m3,2013-11-27 00:00:00 +01:00,2013-11-28 00:00:00 +01:00,1,1
ES,ES.BDCA.AQD,NET_ES209A,STA_ES1438A,ES1438A,SP_08019043_9_M,SPP_08019043_9_M.1,SAM_08019043_9_M,PM2.5,http://dd.eionet.europa.eu/vocabulary/aq/pollutant/6001,day,11.6,µg/m3,2013-11-24 00:00:00 +01:00,2013-11-25 00:00:00 +01:00,1,1
ES,ES.BDCA.AQD,NET_ES209A,STA_ES1438A,ES1438A,SP_08019043_9_M,SPP_08019043_9_M.1,SAM_08019043_9_M,PM2.5,http://dd.eionet.europa.eu/vocabulary/aq/pollutant/6001,day,14.8,µg/m3,2013-05-11 00:00:00 +01:00,2013-05-12 00:00:00 +01:00,1,1
ES,ES.BDCA.AQD,NET_ES209A,STA_ES1438A,ES1438A,SP_08019043_9_M,SPP_08019043_9_M.1,SAM_08019043_9_M,PM2.5,http://dd.eionet.europa.eu/vocabulary/aq/pollutant/6001,day,25.3,µg/m3,2013-11-29 00:00:00 +01:00,2013-11-30 00:00:00 +01:00,1,1
ES,ES.BDCA.AQD,NET_ES209A,STA_ES1438A,ES1438A,SP_08019043_9_M,SPP_08019043_9_M.1,SAM_08019043_9_M,PM2.5,http://dd.eionet.europa.eu/vocabulary/aq/pollutant/6001,day,22.1,µg/m3,2013-12-12 00:00:00 +01:00,2013-12-13 00:00:00 +01:00,1,1
ES,ES.BDCA.AQD,NET_ES209A,STA_ES1438A,ES1438A,SP_08019043_9_M,SPP_08019043_9_M.1,SAM_08019043_9_M,PM2.5,http://dd.eionet.europa.eu/vocabulary/aq/pollutant/6001,day,22.7,µg/m3,2013-12-11 00:00:00 +01:00,2013-12-12 00:00:00 +01:00,1,1
ES,ES.BDCA.AQD,NET_ES209A,STA_ES1438A,ES1438A,SP_08019043_9_M,SPP_08019043_9_M.1,SAM_08019043_9_M,PM2.5,http://dd.eionet.europa.eu/vocabulary/aq/pollutant/6001,day,12.6,µg/m3,2013-05-27 00:00:00 +01:00,2013-05-28 00:00:00 +01:00,1,1
ES,ES.BDCA.AQD,NET_ES209A,STA_ES1438A,ES1438A,SP_08019043_9_M,SPP_08019043_9_M.1,SAM_08019043_9_M,PM2.5,http://dd.eionet.europa.eu/vocabulary/aq/pollutant/6001,day,15.3,µg/m3,2013-05-31 00:00:00 +01:00,2013-06-01 00:00:00 +01:00,1,1
ES,ES.BDCA.AQD,NET_ES209A,STA_ES1438A,ES1438A,SP_08019043_9_M,SPP_08019043_9_M.1,SAM_08019043_9_M,PM2.5,http://dd.eionet.europa.eu/vocabulary/aq/pollutant/6001,day,18.7,µg/m3,2013-12-22 00:00:00 +01:00,2013-12-23 00:00:00 +01:00,1,1
ES,ES.BDCA.AQD,NET_ES209A,STA_ES1438A,ES1438A,SP_08019043_9_M,SPP_08019043_9_M.1,SAM_08019043_9_M,PM2.5,http://dd.eionet.europa.eu/vocabulary/aq/pollutant/6001,day,8.0,µg/m3,2013-12-26 00:00:00 +01:00,2013-12-27 00:00:00 +01:00,1,1
ES,ES.BDCA.AQD,NET_ES209A,STA_ES1438A,ES1438A,SP_08019043_9_M,SPP_08019043_9_M.1,SAM_08019043_9_M,PM2.5,http://dd.eionet.europa.eu/vocabulary/aq/pollutant/6001,day,20.7,µg/m3,2013-06-14 00:00:00 +01:00,2013-06-15 00:00:00 +01:00,1,1
ES,ES.BDCA.AQD,NET_ES209A,STA_ES1438A,ES1438A,SP_08019043_9_M,SPP_08019043_9_M.1,SAM_08019043_9_M,PM2.5,http://dd.eionet.europa.eu/vocabulary/aq/pollutant/6001,day,16.4,µg/m3,2013-06-21 00:00:00 +01:00,2013-06-22 00:00:00 +01:00,1,1
ES,ES.BDCA.AQD,NET_ES209A,STA_ES1438A,ES1438A,SP_08019043_9_M,SPP_08019043_9_M.1,SAM_08019043_9_M,PM2.5,http://dd.eionet.europa.eu/vocabulary/aq/pollutant/6001,day,15.6,µg/m3,2013-06-25 00:00:00 +01:00,2013-06-26 00:00:00 +01:00,1,1
ES,ES.BDCA.AQD,NET_ES209A,STA_ES1438A,ES1438A,SP_08019043_9_M,SPP_08019043_9_M.1,SAM_08019043_9_M,PM2.5,http://dd.eionet.europa.eu/vocabulary/aq/pollutant/6001,day,20.1,µg/m3,2013-07-03 00:00:00 +01:00,2013-07-04 00:00:00 +01:00,1,1
ES,ES.BDCA.AQD,NET_ES209A,STA_ES1438A,ES1438A,SP_08019043_9_M,SPP_08019043_9_M.1,SAM_08019043_9_M,PM2.5,http://dd.eionet.europa.eu/vocabulary/aq/pollutant/6001,day,26.3,µg/m3,2013-07-09 00:00:00 +01:00,2013-07-10 00:00:00 +01:00,1,1
ES,ES.BDCA.AQD,NET_ES209A,STA_ES1438A,ES1438A,SP_08019043_9_M,SPP_08019043_9_M.1,SAM_08019043_9_M,PM2.5,http://dd.eionet.europa.eu/vocabulary/aq/pollutant/6001,day,17.5,µg/m3,2013-08-31 00:00:00 +01:00,2013-09-01 00:00:00 +01:00,1,1
ES,ES.BDCA.AQD,NET_ES209A,STA_ES1438A,ES1438A,SP_08019043_9_M,SPP_08019043_9_M.1,SAM_08019043_9_M,PM2.5,http://dd.eionet.europa.eu/vocabulary/aq/pollutant/6001,day,13.5,µg/m3,2013-09-30 00:00:00 +01:00,2013-10-01 00:00:00 +01:00,1,1
ES,ES.BDCA.AQD,NET_ES209A,STA_ES1438A,ES1438A,SP_08019043_9_M,SPP_08019043_9_M.1,SAM_08019043_9_M,PM2.5,http://dd.eionet.europa.eu/vocabulary/aq/pollutant/6001,day,18.3,µg/m3,2013-08-30 00:00:00 +01:00,2013-08-31 00:00:00 +01:00,1,1
ES,ES.BDCA.AQD,NET_ES209A,STA_ES1438A,ES1438A,SP_08019043_9_M,SPP_08019043_9_M.1,SAM_08019043_9_M,PM2.5,http://dd.eionet.europa.eu/vocabulary/aq/pollutant/6001,day,15.4,µg/m3,2013-08-27 00:00:00 +01:00,2013-08-28 00:00:00 +01:00,1,1
ES,ES.BDCA.AQD,NET_ES209A,STA_ES1438A,ES1438A,SP_08019043_9_M,SPP_08019043_9_M.1,SAM_08019043_9_M,PM2.5,http://dd.eionet.europa.eu/vocabulary/aq/pollutant/6001,day,9.3,µg/m3,2013-11-23 00:00:00 +01:00,2013-11-24 00:00:00 +01:00,1,1
ES,ES.BDCA.AQD,NET_ES209A,STA_ES1438A,ES1438A,SP_08019043_9_M,SPP_08019043_9_M.1,SAM_08019043_9_M,PM2.5,http://dd.eionet.europa.eu/vocabulary/aq/pollutant/6001,day,12.9,µg/m3,2013-10-30 00:00:00 +01:00,2013-10-31 00:00:00 +01:00,1,1
ES,ES.BDCA.AQD,NET_ES209A,STA_ES1438A,ES1438A,SP_08019043_9_M,SPP_08019043_9_M.1,SAM_08019043_9_M,PM2.5,http://dd.eionet.europa.eu/vocabulary/aq/pollutant/6001,day,13.9,µg/m3,2013-09-12 00:00:00 +01:00,2013-09-13 00:00:00 +01:00,1,1
ES,ES.BDCA.AQD,NET_ES209A,STA_ES1438A,ES1438A,SP_08019043_9_M,SPP_08019043_9_M.1,SAM_08019043_9_M,PM2.5,http://dd.eionet.europa.eu/vocabulary/aq/pollutant/6001,day,13.7,µg/m3,2013-09-09 00:00:00 +01:00,2013-09-10 00:00:00 +01:00,1,1
ES,ES.BDCA.AQD,NET_ES209A,STA_ES1438A,ES1438A,SP_08019043_9_M,SPP_08019043_9_M.1,SAM_08019043_9_M,PM2.5,http://dd.eionet.europa.eu/vocabulary/aq/pollutant/6001,day,16.2,µg/m3,2013-09-06 00:00:00 +01:00,2013-09-07 00:00:00 +01:00,1,1
ES,ES.BDCA.AQD,NET_ES209A,STA_ES1438A,ES1438A,SP_08019043_9_M,SPP_08019043_9_M.1,SAM_08019043_9_M,PM2.5,http://dd.eionet.europa.eu/vocabulary/aq/pollutant/6001,day,18.7,µg/m3,2013-09-05 00:00:00 +01:00,2013-09-06 00:00:00 +01:00,1,1
ES,ES.BDCA.AQD,NET_ES209A,STA_ES1438A,ES1438A,SP_08019043_9_M,SPP_08019043_9_M.1,SAM_08019043_9_M,PM2.5,http://dd.eionet.europa.eu/vocabulary/aq/pollutant/6001,day,15.7,µg/m3,2013-09-22 00:00:00 +01:00,2013-09-23 00:00:00 +01:00,1,1
ES,ES.BDCA.AQD,NET_ES209A,STA_ES1438A,ES1438A,SP_08019043_9_M,SPP_08019043_9_M.1,SAM_08019043_9_M,PM2.5,http://dd.eionet.europa.eu/vocabulary/aq/pollutant/6001,day,15.6,µg/m3,2013-09-21 00:00:00 +01:00,2013-09-22 00:00:00 +01:00,1,1
ES,ES.BDCA.AQD,NET_ES209A,STA_ES1438A,ES1438A,SP_08019043_9_M,SPP_08019043_9_M.1,SAM_08019043_9_M,PM2.5,http://dd.eionet.europa.eu/vocabulary/aq/pollutant/6001,day,13.6,µg/m3,2013-09-18 00:00:00 +01:00,2013-09-19 00:00:00 +01:00,1,1
ES,ES.BDCA.AQD,NET_ES209A,STA_ES1438A,ES1438A,SP_08019043_9_M,SPP_08019043_9_M.1,SAM_08019043_9_M,PM2.5,http://dd.eionet.europa.eu/vocabulary/aq/pollutant/6001,day,14.2,µg/m3,2013-09-19 00:00:00 +01:00,2013-09-20 00:00:00 +01:00,1,1
ES,ES.BDCA.AQD,NET_ES209A,STA_ES1438A,ES1438A,SP_08019043_9_M,SPP_08019043_9_M.1,SAM_08019043_9_M,PM2.5,http://dd.eionet.europa.eu/vocabulary/aq/pollutant/6001,day,15.9,µg/m3,2013-09-20 00:00:00 +01:00,2013-09-21 00:00:00 +01:00,1,1
ES,ES.BDCA.AQD,NET_ES209A,STA_ES1438A,ES1438A,SP_08019043_9_M,SPP_08019043_9_M.1,SAM_08019043_9_M,PM2.5,http://dd.eionet.europa.eu/vocabulary/aq/pollutant/6001,day,18.8,µg/m3,2013-09-27 00:00:00 +01:00,2013-09-28 00:00:00 +01:00,1,1
ES,ES.BDCA.AQD,NET_ES209A,STA_ES1438A,ES1438A,SP_08019043_9_M,SPP_08019043_9_M.1,SAM_08019043_9_M,PM2.5,http://dd.eionet.europa.eu/vocabulary/aq/pollutant/6001,day,14.5,µg/m3,2013-10-04 00:00:00 +01:00,2013-10-05 00:00:00 +01:00,1,1
ES,ES.BDCA.AQD,NET_ES209A,STA_ES1438A,ES1438A,SP_08019043_9_M,SPP_08019043_9_M.1,SAM_08019043_9_M,PM2.5,http://dd.eionet.europa.eu/vocabulary/aq/pollutant/6001,day,12.4,µg/m3,2013-10-03 00:00:00 +01:00,2013-10-04 00:00:00 +01:00,1,1
ES,ES.BDCA.AQD,NET_ES209A,STA_ES1438A,ES1438A,SP_08019043_9_M,SPP_08019043_9_M.1,SAM_08019043_9_M,PM2.5,http://dd.eionet.europa.eu/vocabulary/aq/pollutant/6001,day,13.5,µg/m3,2013-10-02 00:00:00 +01:00,2013-10-03 00:00:00 +01:00,1,1
ES,ES.BDCA.AQD,NET_ES209A,STA_ES1438A,ES1438A,SP_08019043_9_M,SPP_08019043_9_M.1,SAM_08019043_9_M,PM2.5,http://dd.eionet.europa.eu/vocabulary/aq/pollutant/6001,day,16.2,µg/m3,2013-10-01 00:00:00 +01:00,2013-10-02 00:00:00 +01:00,1,1
ES,ES.BDCA.AQD,NET_ES209A,STA_ES1438A,ES1438A,SP_08019043_9_M,SPP_08019043_9_M.1,SAM_08019043_9_M,PM2.5,http://dd.eionet.europa.eu/vocabulary/aq/pollutant/6001,day,21.4,µg/m3,2013-10-14 00:00:00 +01:00,2013-10-15 00:00:00 +01:00,1,1
ES,ES.BDCA.AQD,NET_ES209A,STA_ES1438A,ES1438A,SP_08019043_9_M,SPP_08019043_9_M.1,SAM_08019043_9_M,PM2.5,http://dd.eionet.europa.eu/vocabulary/aq/pollutant/6001,day,10.0,µg/m3,2013-10-13 00:00:00 +01:00,2013-10-14 00:00:00 +01:00,1,1
ES,ES.BDCA.AQD,NET_ES209A,STA_ES1438A,ES1438A,SP_08019043_9_M,SPP_08019043_9_M.1,SAM_08019043_9_M,PM2.5,http://dd.eionet.europa.eu/vocabulary/aq/pollutant/6001,day,9.0,µg/m3,2013-10-12 00:00:00 +01:00,2013-10-13 00:00:00 +01:00,1,1
ES,ES.BDCA.AQD,NET_ES209A,STA_ES1438A,ES1438A,SP_08019043_9_M,SPP_08019043_9_M.1,SAM_08019043_9_M,PM2.5,http://dd.eionet.europa.eu/vocabulary/aq/pollutant/6001,day,15.8,µg/m3,2013-10-10 00:00:00 +01:00,2013-10-11 00:00:00 +01:00,1,1
ES,ES.BDCA.AQD,NET_ES209A,STA_ES1438A,ES1438A,SP_08019043_9_M,SPP_08019043_9_M.1,SAM_08019043_9_M,PM2.5,http://dd.eionet.europa.eu/vocabulary/aq/pollutant/6001,day,8.0,µg/m3,2013-10-06 00:00:00 +01:00,2013-10-07 00:00:00 +01:00,1,1
ES,ES.BDCA.AQD,NET_ES209A,STA_ES1438A,ES1438A,SP_08019043_9_M,SPP_08019043_9_M.1,SAM_08019043_9_M,PM2.5,http://dd.eionet.europa.eu/vocabulary/aq/pollutant/6001,day,15.1,µg/m3,2013-10-26 00:00:00 +01:00,2013-10-27 00:00:00 +01:00,1,1
ES,ES.BDCA.AQD,NET_ES209A,STA_ES1438A,ES1438A,SP_08019043_9_M,SPP_08019043_9_M.1,SAM_08019043_9_M,PM2.5,http://dd.eionet.europa.eu/vocabulary/aq/pollutant/6001,day,13.5,µg/m3,2013-10-23 00:00:00 +01:00,2013-10-24 00:00:00 +01:00,1,1
ES,ES.BDCA.AQD,NET_ES209A,STA_ES1438A,ES1438A,SP_08019043_9_M,SPP_08019043_9_M.1,SAM_08019043_9_M,PM2.5,http://dd.eionet.europa.eu/vocabulary/aq/pollutant/6001,day,15.8,µg/m3,2013-10-29 00:00:00 +01:00,2013-10-30 00:00:00 +01:00,1,1
ES,ES.BDCA.AQD,NET_ES209A,STA_ES1438A,ES1438A,SP_08019043_9_M,SPP_08019043_9_M.1,SAM_08019043_9_M,PM2.5,http://dd.eionet.europa.eu/vocabulary/aq/pollutant/6001,day,13.5,µg/m3,2013-10-27 00:00:00 +01:00,2013-10-28 00:00:00 +01:00,1,1
ES,ES.BDCA.AQD,NET_ES209A,STA_ES1438A,ES1438A,SP_08019043_9_M,SPP_08019043_9_M.1,SAM_08019043_9_M,PM2.5,http://dd.eionet.europa.eu/vocabulary/aq/pollutant/6001,day,14.4,µg/m3,2013-10-31 00:00:00 +01:00,2013-11-01 00:00:00 +01:00,1,1
ES,ES.BDCA.AQD,NET_ES209A,STA_ES1438A,ES1438A,SP_08019043_9_M,SPP_08019043_9_M.1,SAM_08019043_9_M,PM2.5,http://dd.eionet.europa.eu/vocabulary/aq/pollutant/6001,day,14.2,µg/m3,2013-11-01 00:00:00 +01:00,2013-11-02 00:00:00 +01:00,1,1
ES,ES.BDCA.AQD,NET_ES209A,STA_ES1438A,ES1438A,SP_08019043_9_M,SPP_08019043_9_M.1,SAM_08019043_9_M,PM2.5,http://dd.eionet.europa.eu/vocabulary/aq/pollutant/6001,day,17.5,µg/m3,2013-11-06 00:00:00 +01:00,2013-11-07 00:00:00 +01:00,1,1
ES,ES.BDCA.AQD,NET_ES209A,STA_ES1438A,ES1438A,SP_08019043_9_M,SPP_08019043_9_M.1,SAM_08019043_9_M,PM2.5,http://dd.eionet.europa.eu/vocabulary/aq/pollutant/6001,day,11.6,µg/m3,2013-11-15 00:00:00 +01:00,2013-11-16 00:00:00 +01:00,1,1
ES,ES.BDCA.AQD,NET_ES209A,STA_ES1438A,ES1438A,SP_08019043_9_M,SPP_08019043_9_M.1,SAM_08019043_9_M,PM2.5,http://dd.eionet.europa.eu/vocabulary/aq/pollutant/6001,day,8.0,µg/m3,2013-11-16 00:00:00 +01:00,2013-11-17 00:00:00 +01:00,1,1
ES,ES.BDCA.AQD,NET_ES209A,STA_ES1438A,ES1438A,SP_08019043_9_M,SPP_08019043_9_M.1,SAM_08019043_9_M,PM2.5,http://dd.eionet.europa.eu/vocabulary/aq/pollutant/6001,day,15.6,µg/m3,2013-11-12 00:00:00 +01:00,2013-11-13 00:00:00 +01:00,1,1
ES,ES.BDCA.AQD,NET_ES209A,STA_ES1438A,ES1438A,SP_08019043_9_M,SPP_08019043_9_M.1,SAM_08019043_9_M,PM2.5,http://dd.eionet.europa.eu/vocabulary/aq/pollutant/6001,day,11.4,µg/m3,2013-11-14 00:00:00 +01:00,2013-11-15 00:00:00 +01:00,1,1
ES,ES.BDCA.AQD,NET_ES209A,STA_ES1438A,ES1438A,SP_08019043_9_M,SPP_08019043_9_M.1,SAM_08019043_9_M,PM2.5,http://dd.eionet.europa.eu/vocabulary/aq/pollutant/6001,day,18.1,µg/m3,2013-11-07 00:00:00 +01:00,2013-11-08 00:00:00 +01:00,1,1
ES,ES.BDCA.AQD,NET_ES209A,STA_ES1438A,ES1438A,SP_08019043_9_M,SPP_08019043_9_M.1,SAM_08019043_9_M,PM2.5,http://dd.eionet.europa.eu/vocabulary/aq/pollutant/6001,day,12.7,µg/m3,2013-11-10 00:00:00 +01:00,2013-11-11 00:00:00 +01:00,1,1
ES,ES.BDCA.AQD,NET_ES209A,STA_ES1438A,ES1438A,SP_08019043_9_M,SPP_08019043_9_M.1,SAM_08019043_9_M,PM2.5,http://dd.eionet.europa.eu/vocabulary/aq/pollutant/6001,day,12.9,µg/m3,2013-11-25 00:00:00 +01:00,2013-11-26 00:00:00 +01:00,1,1
ES,ES.BDCA.AQD,NET_ES209A,STA_ES1438A,ES1438A,SP_08019043_9_M,SPP_08019043_9_M.1,SAM_08019043_9_M,PM2.5,http://dd.eionet.europa.eu/vocabulary/aq/pollutant/6001,day,8.8,µg/m3,2013-11-19 00:00:00 +01:00,2013-11-20 00:00:00 +01:00,1,1
ES,ES.BDCA.AQD,NET_ES209A,STA_ES1438A,ES1438A,SP_08019043_9_M,SPP_08019043_9_M.1,SAM_08019043_9_M,PM2.5,http://dd.eionet.europa.eu/vocabulary/aq/pollutant/6001,day,8.0,µg/m3,2013-11-20 00:00:00 +01:00,2013-11-21 00:00:00 +01:00,1,1
ES,ES.BDCA.AQD,NET_ES209A,STA_ES1438A,ES1438A,SP_08019043_9_M,SPP_08019043_9_M.1,SAM_08019043_9_M,PM2.5,http://dd.eionet.europa.eu/vocabulary/aq/pollutant/6001,day,8.0,µg/m3,2013-11-21 00:00:00 +01:00,2013-11-22 00:00:00 +01:00,1,1
ES,ES.BDCA.AQD,NET_ES209A,STA_ES1438A,ES1438A,SP_08019043_9_M,SPP_08019043_9_M.1,SAM_08019043_9_M,PM2.5,http://dd.eionet.europa.eu/vocabulary/aq/pollutant/6001,day,9.4,µg/m3,2013-11-22 00:00:00 +01:00,2013-11-23 00:00:00 +01:00,1,1
ES,ES.BDCA.AQD,NET_ES209A,STA_ES1438A,ES1438A,SP_08019043_9_M,SPP_08019043_9_M.1,SAM_08019043_9_M,PM2.5,http://dd.eionet.europa.eu/vocabulary/aq/pollutant/6001,day,37.5,µg/m3,2013-12-04 00:00:00 +01:00,2013-12-05 00:00:00 +01:00,1,1
ES,ES.BDCA.AQD,NET_ES209A,STA_ES1438A,ES1438A,SP_08019043_9_M,SPP_08019043_9_M.1,SAM_08019043_9_M,PM2.5,http://dd.eionet.europa.eu/vocabulary/aq/pollutant/6001,day,10.8,µg/m3,2013-12-01 00:00:00 +01:00,2013-12-02 00:00:00 +01:00,1,1
ES,ES.BDCA.AQD,NET_ES209A,STA_ES1438A,ES1438A,SP_08019043_9_M,SPP_08019043_9_M.1,SAM_08019043_9_M,PM2.5,http://dd.eionet.europa.eu/vocabulary/aq/pollutant/6001,day,20.0,µg/m3,2013-12-16 00:00:00 +01:00,2013-12-17 00:00:00 +01:00,1,1
ES,ES.BDCA.AQD,NET_ES209A,STA_ES1438A,ES1438A,SP_08019043_9_M,SPP_08019043_9_M.1,SAM_08019043_9_M,PM2.5,http://dd.eionet.europa.eu/vocabulary/aq/pollutant/6001,day,32.7,µg/m3,2013-12-10 00:00:00 +01:00,2013-12-11 00:00:00 +01:00,1,1
ES,ES.BDCA.AQD,NET_ES209A,STA_ES1438A,ES1438A,SP_08019043_9_M,SPP_08019043_9_M.1,SAM_08019043_9_M,PM2.5,http://dd.eionet.europa.eu/vocabulary/aq/pollutant/6001,day,17.9,µg/m3,2013-12-08 00:00:00 +01:00,2013-12-09 00:00:00 +01:00,1,1
ES,ES.BDCA.AQD,NET_ES209A,STA_ES1438A,ES1438A,SP_08019043_9_M,SPP_08019043_9_M.1,SAM_08019043_9_M,PM2.5,http://dd.eionet.europa.eu/vocabulary/aq/pollutant/6001,day,19.6,µg/m3,2013-12-19 00:00:00 +01:00,2013-12-20 00:00:00 +01:00,1,1
ES,ES.BDCA.AQD,NET_ES209A,STA_ES1438A,ES1438A,SP_08019043_9_M,SPP_08019043_9_M.1,SAM_08019043_9_M,PM2.5,http://dd.eionet.europa.eu/vocabulary/aq/pollutant/6001,day,,µg/m3,2013-12-20 00:00:00 +01:00,2013-12-21 00:00:00 +01:00,-1,1
ES,ES.BDCA.AQD,NET_ES209A,STA_ES1438A,ES1438A,SP_08019043_9_M,SPP_08019043_9_M.1,SAM_08019043_9_M,PM2.5,http://dd.eionet.europa.eu/vocabulary/aq/pollutant/6001,day,17.0,µg/m3,2013-12-23 00:00:00 +01:00,2013-12-24 00:00:00 +01:00,1,1
ES,ES.BDCA.AQD,NET_ES209A,STA_ES1438A,ES1438A,SP_08019043_9_M,SPP_08019043_9_M.1,SAM_08019043_9_M,PM2.5,http://dd.eionet.europa.eu/vocabulary/aq/pollutant/6001,day,12.8,µg/m3,2013-12-31 00:00:00 +01:00,2014-01-01 00:00:00 +01:00,1,1
ES,ES.BDCA.AQD,NET_ES209A,STA_ES1438A,ES1438A,SP_08019043_9_M,SPP_08019043_9_M.1,SAM_08019043_9_M,PM2.5,http://dd.eionet.europa.eu/vocabulary/aq/pollutant/6001,day,8.1,µg/m3,2013-12-30 00:00:00 +01:00,2013-12-31 00:00:00 +01:00,1,1
ES,ES.BDCA.AQD,NET_ES209A,STA_ES1438A,ES1438A,SP_08019043_9_M,SPP_08019043_9_M.1,SAM_08019043_9_M,PM2.5,http://dd.eionet.europa.eu/vocabulary/aq/pollutant/6001,day,13.9,µg/m3,2013-12-28 00:00:00 +01:00,2013-12-29 00:00:00 +01:00,1,1
ES,ES.BDCA.AQD,NET_ES209A,STA_ES1438A,ES1438A,SP_08019043_9_M,SPP_08019043_9_M.1,SAM_08019043_9_M,PM2.5,http://dd.eionet.europa.eu/vocabulary/aq/pollutant/6001,day,8.0,µg/m3,2013-12-29 00:00:00 +01:00,2013-12-30 00:00:00 +01:00,1,1
ES,ES.BDCA.AQD,NET_ES209A,STA_ES1438A,ES1438A,SP_08019043_9_M,SPP_08019043_9_M.1,SAM_08019043_9_M,PM2.5,http://dd.eionet.europa.eu/vocabulary/aq/pollutant/6001,day,16.2,µg/m3,2013-12-24 00:00:00 +01:00,2013-12-25 00:00:00 +01:00,1,1
ES,ES.BDCA.AQD,NET_ES209A,STA_ES1438A,ES1438A,SP_08019043_9_M,SPP_08019043_9_M.1,SAM_08019043_9_M,PM2.5,http://dd.eionet.europa.eu/vocabulary/aq/pollutant/6001,day,10.5,µg/m3,2013-12-27 00:00:00 +01:00,2013-12-28 00:00:00 +01:00,1,1
ES,ES.BDCA.AQD,NET_ES209A,STA_ES1438A,ES1438A,SP_08019043_9_M,SPP_08019043_9_M.1,SAM_08019043_9_M,PM2.5,http://dd.eionet.europa.eu/vocabulary/aq/pollutant/6001,day,27.5,µg/m3,2013-12-13 00:00:00 +01:00,2013-12-14 00:00:00 +01:00,1,1
ES,ES.BDCA.AQD,NET_ES209A,STA_ES1438A,ES1438A,SP_08019043_9_M,SPP_08019043_9_M.1,SAM_08019043_9_M,PM2.5,http://dd.eionet.europa.eu/vocabulary/aq/pollutant/6001,day,24.2,µg/m3,2013-12-07 00:00:00 +01:00,2013-12-08 00:00:00 +01:00,1,1
ES,ES.BDCA.AQD,NET_ES209A,STA_ES1438A,ES1438A,SP_08019043_9_M,SPP_08019043_9_M.1,SAM_08019043_9_M,PM2.5,http://dd.eionet.europa.eu/vocabulary/aq/pollutant/6001,day,9.1,µg/m3,2013-10-05 00:00:00 +01:00,2013-10-06 00:00:00 +01:00,1,1
ES,ES.BDCA.AQD,NET_ES209A,STA_ES1438A,ES1438A,SP_08019043_9_M,SPP_08019043_9_M.1,SAM_08019043_9_M,PM2.5,http://dd.eionet.europa.eu/vocabulary/aq/pollutant/6001,day,23.2,µg/m3,2013-12-18 00:00:00 +01:00,2013-12-19 00:00:00 +01:00,1,1
ES,ES.BDCA.AQD,NET_ES209A,STA_ES1438A,ES1438A,SP_08019043_9_M,SPP_08019043_9_M.1,SAM_08019043_9_M,PM2.5,http://dd.eionet.europa.eu/vocabulary/aq/pollutant/6001,day,20.7,µg/m3,2013-12-17 00:00:00 +01:00,2013-12-18 00:00:00 +01:00,1,1
ES,ES.BDCA.AQD,NET_ES209A,STA_ES1438A,ES1438A,SP_08019043_9_M,SPP_08019043_9_M.1,SAM_08019043_9_M,PM2.5,http://dd.eionet.europa.eu/vocabulary/aq/pollutant/6001,day,26.0,µg/m3,2013-12-14 00:00:00 +01:00,2013-12-15 00:00:00 +01:00,1,1
ES,ES.BDCA.AQD,NET_ES209A,STA_ES1438A,ES1438A,SP_08019043_9_M,SPP_08019043_9_M.1,SAM_08019043_9_M,PM2.5,http://dd.eionet.europa.eu/vocabulary/aq/pollutant/6001,day,22.1,µg/m3,2013-12-03 00:00:00 +01:00,2013-12-04 00:00:00 +01:00,1,1
ES,ES.BDCA.AQD,NET_ES209A,STA_ES1438A,ES1438A,SP_08019043_9_M,SPP_08019043_9_M.1,SAM_08019043_9_M,PM2.5,http://dd.eionet.europa.eu/vocabulary/aq/pollutant/6001,day,8.2,µg/m3,2013-11-04 00:00:00 +01:00,2013-11-05 00:00:00 +01:00,1,1
ES,ES.BDCA.AQD,NET_ES209A,STA_ES1438A,ES1438A,SP_08019043_9_M,SPP_08019043_9_M.1,SAM_08019043_9_M,PM2.5,http://dd.eionet.europa.eu/vocabulary/aq/pollutant/6001,day,8.0,µg/m3,2013-11-17 00:00:00 +01:00,2013-11-18 00:00:00 +01:00,1,1
ES,ES.BDCA.AQD,NET_ES209A,STA_ES1438A,ES1438A,SP_08019043_9_M,SPP_08019043_9_M.1,SAM_08019043_9_M,PM2.5,http://dd.eionet.europa.eu/vocabulary/aq/pollutant/6001,day,14.1,µg/m3,2013-11-11 00:00:00 +01:00,2013-11-12 00:00:00 +01:00,1,1
ES,ES.BDCA.AQD,NET_ES209A,STA_ES1438A,ES1438A,SP_08019043_9_M,SPP_08019043_9_M.1,SAM_08019043_9_M,PM2.5,http://dd.eionet.europa.eu/vocabulary/aq/pollutant/6001,day,17.0,µg/m3,2013-10-25 00:00:00 +01:00,2013-10-26 00:00:00 +01:00,1,1
ES,ES.BDCA.AQD,NET_ES209A,STA_ES1438A,ES1438A,SP_08019043_9_M,SPP_08019043_9_M.1,SAM_08019043_9_M,PM2.5,http://dd.eionet.europa.eu/vocabulary/aq/pollutant/6001,day,14.3,µg/m3,2013-09-25 00:00:00 +01:00,2013-09-26 00:00:00 +01:00,1,1
ES,ES.BDCA.AQD,NET_ES209A,STA_ES1438A,ES1438A,SP_08019043_9_M,SPP_08019043_9_M.1,SAM_08019043_9_M,PM2.5,http://dd.eionet.europa.eu/vocabulary/aq/pollutant/6001,day,12.6,µg/m3,2013-09-14 00:00:00 +01:00,2013-09-15 00:00:00 +01:00,1,1
ES,ES.BDCA.AQD,NET_ES209A,STA_ES1438A,ES1438A,SP_08019043_9_M,SPP_08019043_9_M.1,SAM_08019043_9_M,PM2.5,http://dd.eionet.europa.eu/vocabulary/aq/pollutant/6001,day,10.8,µg/m3,2013-10-08 00:00:00 +01:00,2013-10-09 00:00:00 +01:00,1,1
ES,ES.BDCA.AQD,NET_ES209A,STA_ES1438A,ES1438A,SP_08019043_9_M,SPP_08019043_9_M.1,SAM_08019043_9_M,PM2.5,http://dd.eionet.europa.eu/vocabulary/aq/pollutant/6001,day,5.5,µg/m3,2013-10-07 00:00:00 +01:00,2013-10-08 00:00:00 +01:00,1,1
ES,ES.BDCA.AQD,NET_ES209A,STA_ES1438A,ES1438A,SP_08019043_9_M,SPP_08019043_9_M.1,SAM_08019043_9_M,PM2.5,http://dd.eionet.europa.eu/vocabulary/aq/pollutant/6001,day,15.3,µg/m3,2013-08-29 00:00:00 +01:00,2013-08-30 00:00:00 +01:00,1,1
ES,ES.BDCA.AQD,NET_ES209A,STA_ES1438A,ES1438A,SP_08019043_9_M,SPP_08019043_9_M.1,SAM_08019043_9_M,PM2.5,http://dd.eionet.europa.eu/vocabulary/aq/pollutant/6001,day,12.2,µg/m3,2013-09-28 00:00:00 +01:00,2013-09-29 00:00:00 +01:00,1,1
ES,ES.BDCA.AQD,NET_ES209A,STA_ES1438A,ES1438A,SP_08019043_9_M,SPP_08019043_9_M.1,SAM_08019043_9_M,PM2.5,http://dd.eionet.europa.eu/vocabulary/aq/pollutant/6001,day,12.8,µg/m3,2013-09-26 00:00:00 +01:00,2013-09-27 00:00:00 +01:00,1,1
ES,ES.BDCA.AQD,NET_ES209A,STA_ES1438A,ES1438A,SP_08019043_9_M,SPP_08019043_9_M.1,SAM_08019043_9_M,PM2.5,http://dd.eionet.europa.eu/vocabulary/aq/pollutant/6001,day,14.3,µg/m3,2013-08-20 00:00:00 +01:00,2013-08-21 00:00:00 +01:00,1,1
ES,ES.BDCA.AQD,NET_ES209A,STA_ES1438A,ES1438A,SP_08019043_9_M,SPP_08019043_9_M.1,SAM_08019043_9_M,PM2.5,http://dd.eionet.europa.eu/vocabulary/aq/pollutant/6001,day,11.0,µg/m3,2013-08-10 00:00:00 +01:00,2013-08-11 00:00:00 +01:00,1,1
ES,ES.BDCA.AQD,NET_ES209A,STA_ES1438A,ES1438A,SP_08019043_9_M,SPP_08019043_9_M.1,SAM_08019043_9_M,PM2.5,http://dd.eionet.europa.eu/vocabulary/aq/pollutant/6001,day,8.0,µg/m3,2013-09-15 00:00:00 +01:00,2013-09-16 00:00:00 +01:00,1,1
ES,ES.BDCA.AQD,NET_ES209A,STA_ES1438A,ES1438A,SP_08019043_9_M,SPP_08019043_9_M.1,SAM_08019043_9_M,PM2.5,http://dd.eionet.europa.eu/vocabulary/aq/pollutant/6001,day,12.9,µg/m3,2013-09-17 00:00:00 +01:00,2013-09-18 00:00:00 +01:00,1,1
ES,ES.BDCA.AQD,NET_ES209A,STA_ES1438A,ES1438A,SP_08019043_9_M,SPP_08019043_9_M.1,SAM_08019043_9_M,PM2.5,http://dd.eionet.europa.eu/vocabulary/aq/pollutant/6001,day,11.6,µg/m3,2013-08-17 00:00:00 +01:00,2013-08-18 00:00:00 +01:00,1,1
ES,ES.BDCA.AQD,NET_ES209A,STA_ES1438A,ES1438A,SP_08019043_9_M,SPP_08019043_9_M.1,SAM_08019043_9_M,PM2.5,http://dd.eionet.europa.eu/vocabulary/aq/pollutant/6001,day,11.9,µg/m3,2013-09-08 00:00:00 +01:00,2013-09-09 00:00:00 +01:00,1,1
ES,ES.BDCA.AQD,NET_ES209A,STA_ES1438A,ES1438A,SP_08019043_9_M,SPP_08019043_9_M.1,SAM_08019043_9_M,PM2.5,http://dd.eionet.europa.eu/vocabulary/aq/pollutant/6001,day,17.3,µg/m3,2013-08-05 00:00:00 +01:00,2013-08-06 00:00:00 +01:00,1,1
ES,ES.BDCA.AQD,NET_ES209A,STA_ES1438A,ES1438A,SP_08019043_9_M,SPP_08019043_9_M.1,SAM_08019043_9_M,PM2.5,http://dd.eionet.europa.eu/vocabulary/aq/pollutant/6001,day,14.3,µg/m3,2013-09-07 00:00:00 +01:00,2013-09-08 00:00:00 +01:00,1,1
ES,ES.BDCA.AQD,NET_ES209A,STA_ES1438A,ES1438A,SP_08019043_9_M,SPP_08019043_9_M.1,SAM_08019043_9_M,PM2.5,http://dd.eionet.europa.eu/vocabulary/aq/pollutant/6001,day,8.0,µg/m3,2013-09-11 00:00:00 +01:00,2013-09-12 00:00:00 +01:00,1,1
ES,ES.BDCA.AQD,NET_ES209A,STA_ES1438A,ES1438A,SP_08019043_9_M,SPP_08019043_9_M.1,SAM_08019043_9_M,PM2.5,http://dd.eionet.europa.eu/vocabulary/aq/pollutant/6001,day,12.8,µg/m3,2013-09-13 00:00:00 +01:00,2013-09-14 00:00:00 +01:00,1,1
ES,ES.BDCA.AQD,NET_ES209A,STA_ES1438A,ES1438A,SP_08019043_9_M,SPP_08019043_9_M.1,SAM_08019043_9_M,PM2.5,http://dd.eionet.europa.eu/vocabulary/aq/pollutant/6001,day,24.5,µg/m3,2013-09-02 00:00:00 +01:00,2013-09-03 00:00:00 +01:00,1,1
ES,ES.BDCA.AQD,NET_ES209A,STA_ES1438A,ES1438A,SP_08019043_9_M,SPP_08019043_9_M.1,SAM_08019043_9_M,PM2.5,http://dd.eionet.europa.eu/vocabulary/aq/pollutant/6001,day,13.7,µg/m3,2013-08-28 00:00:00 +01:00,2013-08-29 00:00:00 +01:00,1,1
ES,ES.BDCA.AQD,NET_ES209A,STA_ES1438A,ES1438A,SP_08019043_9_M,SPP_08019043_9_M.1,SAM_08019043_9_M,PM2.5,http://dd.eionet.europa.eu/vocabulary/aq/pollutant/6001,day,12.7,µg/m3,2013-07-29 00:00:00 +01:00,2013-07-30 00:00:00 +01:00,1,1
ES,ES.BDCA.AQD,NET_ES209A,STA_ES1438A,ES1438A,SP_08019043_9_M,SPP_08019043_9_M.1,SAM_08019043_9_M,PM2.5,http://dd.eionet.europa.eu/vocabulary/aq/pollutant/6001,day,17.9,µg/m3,2013-09-01 00:00:00 +01:00,2013-09-02 00:00:00 +01:00,1,1
ES,ES.BDCA.AQD,NET_ES209A,STA_ES1438A,ES1438A,SP_08019043_9_M,SPP_08019043_9_M.1,SAM_08019043_9_M,PM2.5,http://dd.eionet.europa.eu/vocabulary/aq/pollutant/6001,day,23.8,µg/m3,2013-07-11 00:00:00 +01:00,2013-07-12 00:00:00 +01:00,1,1
ES,ES.BDCA.AQD,NET_ES209A,STA_ES1438A,ES1438A,SP_08019043_9_M,SPP_08019043_9_M.1,SAM_08019043_9_M,PM2.5,http://dd.eionet.europa.eu/vocabulary/aq/pollutant/6001,day,9.9,µg/m3,2013-08-15 00:00:00 +01:00,2013-08-16 00:00:00 +01:00,1,1
ES,ES.BDCA.AQD,NET_ES209A,STA_ES1438A,ES1438A,SP_08019043_9_M,SPP_08019043_9_M.1,SAM_08019043_9_M,PM2.5,http://dd.eionet.europa.eu/vocabulary/aq/pollutant/6001,day,17.2,µg/m3,2013-07-02 00:00:00 +01:00,2013-07-03 00:00:00 +01:00,1,1
ES,ES.BDCA.AQD,NET_ES209A,STA_ES1438A,ES1438A,SP_08019043_9_M,SPP_08019043_9_M.1,SAM_08019043_9_M,PM2.5,http://dd.eionet.europa.eu/vocabulary/aq/pollutant/6001,day,14.8,µg/m3,2013-06-30 00:00:00 +01:00,2013-07-01 00:00:00 +01:00,1,1
ES,ES.BDCA.AQD,NET_ES209A,STA_ES1438A,ES1438A,SP_08019043_9_M,SPP_08019043_9_M.1,SAM_08019043_9_M,PM2.5,http://dd.eionet.europa.eu/vocabulary/aq/pollutant/6001,day,19.4,µg/m3,2013-07-20 00:00:00 +01:00,2013-07-21 00:00:00 +01:00,1,1
ES,ES.BDCA.AQD,NET_ES209A,STA_ES1438A,ES1438A,SP_08019043_9_M,SPP_08019043_9_M.1,SAM_08019043_9_M,PM2.5,http://dd.eionet.europa.eu/vocabulary/aq/pollutant/6001,day,12.0,µg/m3,2013-08-22 00:00:00 +01:00,2013-08-23 00:00:00 +01:00,1,1
ES,ES.BDCA.AQD,NET_ES209A,STA_ES1438A,ES1438A,SP_08019043_9_M,SPP_08019043_9_M.1,SAM_08019043_9_M,PM2.5,http://dd.eionet.europa.eu/vocabulary/aq/pollutant/6001,day,19.3,µg/m3,2013-07-23 00:00:00 +01:00,2013-07-24 00:00:00 +01:00,1,1
ES,ES.BDCA.AQD,NET_ES209A,STA_ES1438A,ES1438A,SP_08019043_9_M,SPP_08019043_9_M.1,SAM_08019043_9_M,PM2.5,http://dd.eionet.europa.eu/vocabulary/aq/pollutant/6001,day,22.6,µg/m3,2013-07-22 00:00:00 +01:00,2013-07-23 00:00:00 +01:00,1,1
ES,ES.BDCA.AQD,NET_ES209A,STA_ES1438A,ES1438A,SP_08019043_9_M,SPP_08019043_9_M.1,SAM_08019043_9_M,PM2.5,http://dd.eionet.europa.eu/vocabulary/aq/pollutant/6001,day,21.6,µg/m3,2013-07-15 00:00:00 +01:00,2013-07-16 00:00:00 +01:00,1,1
ES,ES.BDCA.AQD,NET_ES209A,STA_ES1438A,ES1438A,SP_08019043_9_M,SPP_08019043_9_M.1,SAM_08019043_9_M,PM2.5,http://dd.eionet.europa.eu/vocabulary/aq/pollutant/6001,day,25.5,µg/m3,2013-07-12 00:00:00 +01:00,2013-07-13 00:00:00 +01:00,1,1
ES,ES.BDCA.AQD,NET_ES209A,STA_ES1438A,ES1438A,SP_08019043_9_M,SPP_08019043_9_M.1,SAM_08019043_9_M,PM2.5,http://dd.eionet.europa.eu/vocabulary/aq/pollutant/6001,day,15.2,µg/m3,2013-08-19 00:00:00 +01:00,2013-08-20 00:00:00 +01:00,1,1
ES,ES.BDCA.AQD,NET_ES209A,STA_ES1438A,ES1438A,SP_08019043_9_M,SPP_08019043_9_M.1,SAM_08019043_9_M,PM2.5,http://dd.eionet.europa.eu/vocabulary/aq/pollutant/6001,day,18.1,µg/m3,2013-06-27 00:00:00 +01:00,2013-06-28 00:00:00 +01:00,1,1
ES,ES.BDCA.AQD,NET_ES209A,STA_ES1438A,ES1438A,SP_08019043_9_M,SPP_08019043_9_M.1,SAM_08019043_9_M,PM2.5,http://dd.eionet.europa.eu/vocabulary/aq/pollutant/6001,day,19.8,µg/m3,2013-06-28 00:00:00 +01:00,2013-06-29 00:00:00 +01:00,1,1
ES,ES.BDCA.AQD,NET_ES209A,STA_ES1438A,ES1438A,SP_08019043_9_M,SPP_08019043_9_M.1,SAM_08019043_9_M,PM2.5,http://dd.eionet.europa.eu/vocabulary/aq/pollutant/6001,day,26.1,µg/m3,2013-06-24 00:00:00 +01:00,2013-06-25 00:00:00 +01:00,1,1
ES,ES.BDCA.AQD,NET_ES209A,STA_ES1438A,ES1438A,SP_08019043_9_M,SPP_08019043_9_M.1,SAM_08019043_9_M,PM2.5,http://dd.eionet.europa.eu/vocabulary/aq/pollutant/6001,day,17.3,µg/m3,2013-07-28 00:00:00 +01:00,2013-07-29 00:00:00 +01:00,1,1
ES,ES.BDCA.AQD,NET_ES209A,STA_ES1438A,ES1438A,SP_08019043_9_M,SPP_08019043_9_M.1,SAM_08019043_9_M,PM2.5,http://dd.eionet.europa.eu/vocabulary/aq/pollutant/6001,day,12.1,µg/m3,2013-08-03 00:00:00 +01:00,2013-08-04 00:00:00 +01:00,1,1
ES,ES.BDCA.AQD,NET_ES209A,STA_ES1438A,ES1438A,SP_08019043_9_M,SPP_08019043_9_M.1,SAM_08019043_9_M,PM2.5,http://dd.eionet.europa.eu/vocabulary/aq/pollutant/6001,day,23.6,µg/m3,2013-07-17 00:00:00 +01:00,2013-07-18 00:00:00 +01:00,1,1
ES,ES.BDCA.AQD,NET_ES209A,STA_ES1438A,ES1438A,SP_08019043_9_M,SPP_08019043_9_M.1,SAM_08019043_9_M,PM2.5,http://dd.eionet.europa.eu/vocabulary/aq/pollutant/6001,day,15.6,µg/m3,2013-05-23 00:00:00 +01:00,2013-05-24 00:00:00 +01:00,1,1
ES,ES.BDCA.AQD,NET_ES209A,STA_ES1438A,ES1438A,SP_08019043_9_M,SPP_08019043_9_M.1,SAM_08019043_9_M,PM2.5,http://dd.eionet.europa.eu/vocabulary/aq/pollutant/6001,day,23.7,µg/m3,2013-07-08 00:00:00 +01:00,2013-07-09 00:00:00 +01:00,1,1
ES,ES.BDCA.AQD,NET_ES209A,STA_ES1438A,ES1438A,SP_08019043_9_M,SPP_08019043_9_M.1,SAM_08019043_9_M,PM2.5,http://dd.eionet.europa.eu/vocabulary/aq/pollutant/6001,day,15.8,µg/m3,2013-05-24 00:00:00 +01:00,2013-05-25 00:00:00 +01:00,1,1
ES,ES.BDCA.AQD,NET_ES209A,STA_ES1438A,ES1438A,SP_08019043_9_M,SPP_08019043_9_M.1,SAM_08019043_9_M,PM2.5,http://dd.eionet.europa.eu/vocabulary/aq/pollutant/6001,day,16.5,µg/m3,2013-05-17 00:00:00 +01:00,2013-05-18 00:00:00 +01:00,1,1
ES,ES.BDCA.AQD,NET_ES209A,STA_ES1438A,ES1438A,SP_08019043_9_M,SPP_08019043_9_M.1,SAM_08019043_9_M,PM2.5,http://dd.eionet.europa.eu/vocabulary/aq/pollutant/6001,day,14.6,µg/m3,2013-06-22 00:00:00 +01:00,2013-06-23 00:00:00 +01:00,1,1
ES,ES.BDCA.AQD,NET_ES209A,STA_ES1438A,ES1438A,SP_08019043_9_M,SPP_08019043_9_M.1,SAM_08019043_9_M,PM2.5,http://dd.eionet.europa.eu/vocabulary/aq/pollutant/6001,day,16.3,µg/m3,2013-06-19 00:00:00 +01:00,2013-06-20 00:00:00 +01:00,1,1
ES,ES.BDCA.AQD,NET_ES209A,STA_ES1438A,ES1438A,SP_08019043_9_M,SPP_08019043_9_M.1,SAM_08019043_9_M,PM2.5,http://dd.eionet.europa.eu/vocabulary/aq/pollutant/6001,day,21.1,µg/m3,2013-06-17 00:00:00 +01:00,2013-06-18 00:00:00 +01:00,1,1
ES,ES.BDCA.AQD,NET_ES209A,STA_ES1438A,ES1438A,SP_08019043_9_M,SPP_08019043_9_M.1,SAM_08019043_9_M,PM2.5,http://dd.eionet.europa.eu/vocabulary/aq/pollutant/6001,day,19.2,µg/m3,2013-06-15 00:00:00 +01:00,2013-06-16 00:00:00 +01:00,1,1
ES,ES.BDCA.AQD,NET_ES209A,STA_ES1438A,ES1438A,SP_08019043_9_M,SPP_08019043_9_M.1,SAM_08019043_9_M,PM2.5,http://dd.eionet.europa.eu/vocabulary/aq/pollutant/6001,day,17.1,µg/m3,2013-04-29 00:00:00 +01:00,2013-04-30 00:00:00 +01:00,1,1
ES,ES.BDCA.AQD,NET_ES209A,STA_ES1438A,ES1438A,SP_08019043_9_M,SPP_08019043_9_M.1,SAM_08019043_9_M,PM2.5,http://dd.eionet.europa.eu/vocabulary/aq/pollutant/6001,day,21.5,µg/m3,2013-06-04 00:00:00 +01:00,2013-06-05 00:00:00 +01:00,1,1
ES,ES.BDCA.AQD,NET_ES209A,STA_ES1438A,ES1438A,SP_08019043_9_M,SPP_08019043_9_M.1,SAM_08019043_9_M,PM2.5,http://dd.eionet.europa.eu/vocabulary/aq/pollutant/6001,day,17.8,µg/m3,2013-06-03 00:00:00 +01:00,2013-06-04 00:00:00 +01:00,1,1
ES,ES.BDCA.AQD,NET_ES209A,STA_ES1438A,ES1438A,SP_08019043_9_M,SPP_08019043_9_M.1,SAM_08019043_9_M,PM2.5,http://dd.eionet.europa.eu/vocabulary/aq/pollutant/6001,day,26.0,µg/m3,2013-04-20 00:00:00 +01:00,2013-04-21 00:00:00 +01:00,1,1
ES,ES.BDCA.AQD,NET_ES209A,STA_ES1438A,ES1438A,SP_08019043_9_M,SPP_08019043_9_M.1,SAM_08019043_9_M,PM2.5,http://dd.eionet.europa.eu/vocabulary/aq/pollutant/6001,day,9.4,µg/m3,2013-05-26 00:00:00 +01:00,2013-05-27 00:00:00 +01:00,1,1
ES,ES.BDCA.AQD,NET_ES209A,STA_ES1438A,ES1438A,SP_08019043_9_M,SPP_08019043_9_M.1,SAM_08019043_9_M,PM2.5,http://dd.eionet.europa.eu/vocabulary/aq/pollutant/6001,day,21.5,µg/m3,2013-03-24 00:00:00 +01:00,2013-03-25 00:00:00 +01:00,1,1
ES,ES.BDCA.AQD,NET_ES209A,STA_ES1438A,ES1438A,SP_08019043_9_M,SPP_08019043_9_M.1,SAM_08019043_9_M,PM2.5,http://dd.eionet.europa.eu/vocabulary/aq/pollutant/6001,day,12.2,µg/m3,2013-05-18 00:00:00 +01:00,2013-05-19 00:00:00 +01:00,1,1
ES,ES.BDCA.AQD,NET_ES209A,STA_ES1438A,ES1438A,SP_08019043_9_M,SPP_08019043_9_M.1,SAM_08019043_9_M,PM2.5,http://dd.eionet.europa.eu/vocabulary/aq/pollutant/6001,day,14.3,µg/m3,2013-05-21 00:00:00 +01:00,2013-05-22 00:00:00 +01:00,1,1
ES,ES.BDCA.AQD,NET_ES209A,STA_ES1438A,ES1438A,SP_08019043_9_M,SPP_08019043_9_M.1,SAM_08019043_9_M,PM2.5,http://dd.eionet.europa.eu/vocabulary/aq/pollutant/6001,day,12.0,µg/m3,2013-05-22 00:00:00 +01:00,2013-05-23 00:00:00 +01:00,1,1
ES,ES.BDCA.AQD,NET_ES209A,STA_ES1438A,ES1438A,SP_08019043_9_M,SPP_08019043_9_M.1,SAM_08019043_9_M,PM2.5,http://dd.eionet.europa.eu/vocabulary/aq/pollutant/6001,day,14.9,µg/m3,2013-02-12 00:00:00 +01:00,2013-02-13 00:00:00 +01:00,1,1
ES,ES.BDCA.AQD,NET_ES209A,STA_ES1438A,ES1438A,SP_08019043_9_M,SPP_08019043_9_M.1,SAM_08019043_9_M,PM2.5,http://dd.eionet.europa.eu/vocabulary/aq/pollutant/6001,day,24.1,µg/m3,2013-04-25 00:00:00 +01:00,2013-04-26 00:00:00 +01:00,1,1
ES,ES.BDCA.AQD,NET_ES209A,STA_ES1438A,ES1438A,SP_08019043_9_M,SPP_08019043_9_M.1,SAM_08019043_9_M,PM2.5,http://dd.eionet.europa.eu/vocabulary/aq/pollutant/6001,day,14.1,µg/m3,2013-02-19 00:00:00 +01:00,2013-02-20 00:00:00 +01:00,1,1
ES,ES.BDCA.AQD,NET_ES209A,STA_ES1438A,ES1438A,SP_08019043_9_M,SPP_08019043_9_M.1,SAM_08019043_9_M,PM2.5,http://dd.eionet.europa.eu/vocabulary/aq/pollutant/6001,day,22.1,µg/m3,2013-02-22 00:00:00 +01:00,2013-02-23 00:00:00 +01:00,1,1
ES,ES.BDCA.AQD,NET_ES209A,STA_ES1438A,ES1438A,SP_08019043_9_M,SPP_08019043_9_M.1,SAM_08019043_9_M,PM2.5,http://dd.eionet.europa.eu/vocabulary/aq/pollutant/6001,day,25.6,µg/m3,2013-05-07 00:00:00 +01:00,2013-05-08 00:00:00 +01:00,1,1
ES,ES.BDCA.AQD,NET_ES209A,STA_ES1438A,ES1438A,SP_08019043_9_M,SPP_08019043_9_M.1,SAM_08019043_9_M,PM2.5,http://dd.eionet.europa.eu/vocabulary/aq/pollutant/6001,day,17.5,µg/m3,2013-05-10 00:00:00 +01:00,2013-05-11 00:00:00 +01:00,1,1
ES,ES.BDCA.AQD,NET_ES209A,STA_ES1438A,ES1438A,SP_08019043_9_M,SPP_08019043_9_M.1,SAM_08019043_9_M,PM2.5,http://dd.eionet.europa.eu/vocabulary/aq/pollutant/6001,day,23.7,µg/m3,2013-01-03 00:00:00 +01:00,2013-01-04 00:00:00 +01:00,1,1
ES,ES.BDCA.AQD,NET_ES209A,STA_ES1438A,ES1438A,SP_08019043_9_M,SPP_08019043_9_M.1,SAM_08019043_9_M,PM2.5,http://dd.eionet.europa.eu/vocabulary/aq/pollutant/6001,day,16.1,µg/m3,2013-01-17 00:00:00 +01:00,2013-01-18 00:00:00 +01:00,1,1
ES,ES.BDCA.AQD,NET_ES209A,STA_ES1438A,ES1438A,SP_08019043_9_M,SPP_08019043_9_M.1,SAM_08019043_9_M,PM2.5,http://dd.eionet.europa.eu/vocabulary/aq/pollutant/6001,day,,µg/m3,2013-01-16 00:00:00 +01:00,2013-01-17 00:00:00 +01:00,-1,1
ES,ES.BDCA.AQD,NET_ES209A,STA_ES1438A,ES1438A,SP_08019043_9_M,SPP_08019043_9_M.1,SAM_08019043_9_M,PM2.5,http://dd.eionet.europa.eu/vocabulary/aq/pollutant/6001,day,36.0,µg/m3,2013-01-10 00:00:00 +01:00,2013-01-11 00:00:00 +01:00,1,1
ES,ES.BDCA.AQD,NET_ES209A,STA_ES1438A,ES1438A,SP_08019043_9_M,SPP_08019043_9_M.1,SAM_08019043_9_M,PM2.5,http://dd.eionet.europa.eu/vocabulary/aq/pollutant/6001,day,12.8,µg/m3,2013-01-20 00:00:00 +01:00,2013-01-21 00:00:00 +01:00,1,1
ES,ES.BDCA.AQD,NET_ES209A,STA_ES1438A,ES1438A,SP_08019043_9_M,SPP_08019043_9_M.1,SAM_08019043_9_M,PM2.5,http://dd.eionet.europa.eu/vocabulary/aq/pollutant/6001,day,11.2,µg/m3,2013-02-03 00:00:00 +01:00,2013-02-04 00:00:00 +01:00,1,1
ES,ES.BDCA.AQD,NET_ES209A,STA_ES1438A,ES1438A,SP_08019043_9_M,SPP_08019043_9_M.1,SAM_08019043_9_M,PM2.5,http://dd.eionet.europa.eu/vocabulary/aq/pollutant/6001,day,12.1,µg/m3,2013-01-24 00:00:00 +01:00,2013-01-25 00:00:00 +01:00,1,1
ES,ES.BDCA.AQD,NET_ES209A,STA_ES1438A,ES1438A,SP_08019043_9_M,SPP_08019043_9_M.1,SAM_08019043_9_M,PM2.5,http://dd.eionet.europa.eu/vocabulary/aq/pollutant/6001,day,11.6,µg/m3,2013-02-07 00:00:00 +01:00,2013-02-08 00:00:00 +01:00,1,1
ES,ES.BDCA.AQD,NET_ES209A,STA_ES1438A,ES1438A,SP_08019043_9_M,SPP_08019043_9_M.1,SAM_08019043_9_M,PM2.5,http://dd.eionet.europa.eu/vocabulary/aq/pollutant/6001,day,20.8,µg/m3,2013-01-18 00:00:00 +01:00,2013-01-19 00:00:00 +01:00,1,1
ES,ES.BDCA.AQD,NET_ES209A,STA_ES1438A,ES1438A,SP_08019043_9_M,SPP_08019043_9_M.1,SAM_08019043_9_M,PM2.5,http://dd.eionet.europa.eu/vocabulary/aq/pollutant/6001,day,17.4,µg/m3,2013-01-15 00:00:00 +01:00,2013-01-16 00:00:00 +01:00,1,1
ES,ES.BDCA.AQD,NET_ES209A,STA_ES1438A,ES1438A,SP_08019043_9_M,SPP_08019043_9_M.1,SAM_08019043_9_M,PM2.5,http://dd.eionet.europa.eu/vocabulary/aq/pollutant/6001,day,24.4,µg/m3,2013-03-02 00:00:00 +01:00,2013-03-03 00:00:00 +01:00,1,1
ES,ES.BDCA.AQD,NET_ES209A,STA_ES1438A,ES1438A,SP_08019043_9_M,SPP_08019043_9_M.1,SAM_08019043_9_M,PM2.5,http://dd.eionet.europa.eu/vocabulary/aq/pollutant/6001,day,22.7,µg/m3,2013-04-11 00:00:00 +01:00,2013-04-12 00:00:00 +01:00,1,1
ES,ES.BDCA.AQD,NET_ES209A,STA_ES1438A,ES1438A,SP_08019043_9_M,SPP_08019043_9_M.1,SAM_08019043_9_M,PM2.5,http://dd.eionet.europa.eu/vocabulary/aq/pollutant/6001,day,18.3,µg/m3,2013-04-15 00:00:00 +01:00,2013-04-16 00:00:00 +01:00,1,1
ES,ES.BDCA.AQD,NET_ES209A,STA_ES1438A,ES1438A,SP_08019043_9_M,SPP_08019043_9_M.1,SAM_08019043_9_M,PM2.5,http://dd.eionet.europa.eu/vocabulary/aq/pollutant/6001,day,22.0,µg/m3,2013-02-13 00:00:00 +01:00,2013-02-14 00:00:00 +01:00,1,1
ES,ES.BDCA.AQD,NET_ES209A,STA_ES1438A,ES1438A,SP_08019043_9_M,SPP_08019043_9_M.1,SAM_08019043_9_M,PM2.5,http://dd.eionet.europa.eu/vocabulary/aq/pollutant/6001,day,16.4,µg/m3,2013-04-03 00:00:00 +01:00,2013-04-04 00:00:00 +01:00,1,1
ES,ES.BDCA.AQD,NET_ES209A,STA_ES1438A,ES1438A,SP_08019043_9_M,SPP_08019043_9_M.1,SAM_08019043_9_M,PM2.5,http://dd.eionet.europa.eu/vocabulary/aq/pollutant/6001,day,16.6,µg/m3,2013-03-05 00:00:00 +01:00,2013-03-06 00:00:00 +01:00,1,1
ES,ES.BDCA.AQD,NET_ES209A,STA_ES1438A,ES1438A,SP_08019043_9_M,SPP_08019043_9_M.1,SAM_08019043_9_M,PM2.5,http://dd.eionet.europa.eu/vocabulary/aq/pollutant/6001,day,19.6,µg/m3,2013-03-07 00:00:00 +01:00,2013-03-08 00:00:00 +01:00,1,1
ES,ES.BDCA.AQD,NET_ES209A,STA_ES1438A,ES1438A,SP_08019043_9_M,SPP_08019043_9_M.1,SAM_08019043_9_M,PM2.5,http://dd.eionet.europa.eu/vocabulary/aq/pollutant/6001,day,14.8,µg/m3,2013-03-27 00:00:00 +01:00,2013-03-28 00:00:00 +01:00,1,1
ES,ES.BDCA.AQD,NET_ES209A,STA_ES1438A,ES1438A,SP_08019043_9_M,SPP_08019043_9_M.1,SAM_08019043_9_M,PM2.5,http://dd.eionet.europa.eu/vocabulary/aq/pollutant/6001,day,17.2,µg/m3,2013-01-13 00:00:00 +01:00,2013-01-14 00:00:00 +01:00,1,1
ES,ES.BDCA.AQD,NET_ES209A,STA_ES1438A,ES1438A,SP_08019043_9_M,SPP_08019043_9_M.1,SAM_08019043_9_M,PM2.5,http://dd.eionet.europa.eu/vocabulary/aq/pollutant/6001,day,11.1,µg/m3,2013-01-19 00:00:00 +01:00,2013-01-20 00:00:00 +01:00,1,1
ES,ES.BDCA.AQD,NET_ES209A,STA_ES1438A,ES1438A,SP_08019043_9_M,SPP_08019043_9_M.1,SAM_08019043_9_M,PM2.5,http://dd.eionet.europa.eu/vocabulary/aq/pollutant/6001,day,11.5,µg/m3,2013-03-14 00:00:00 +01:00,2013-03-15 00:00:00 +01:00,1,1
ES,ES.BDCA.AQD,NET_ES209A,STA_ES1438A,ES1438A,SP_08019043_9_M,SPP_08019043_9_M.1,SAM_08019043_9_M,PM2.5,http://dd.eionet.europa.eu/vocabulary/aq/pollutant/6001,day,17.3,µg/m3,2013-01-01 00:00:00 +01:00,2013-01-02 00:00:00 +01:00,1,1
ES,ES.BDCA.AQD,NET_ES209A,STA_ES1438A,ES1438A,SP_08019043_9_M,SPP_08019043_9_M.1,SAM_08019043_9_M,PM2.5,http://dd.eionet.europa.eu/vocabulary/aq/pollutant/6001,day,22.7,µg/m3,2013-01-02 00:00:00 +01:00,2013-01-03 00:00:00 +01:00,1,1
ES,ES.BDCA.AQD,NET_ES209A,STA_ES1438A,ES1438A,SP_08019043_9_M,SPP_08019043_9_M.1,SAM_08019043_9_M,PM2.5,http://dd.eionet.europa.eu/vocabulary/aq/pollutant/6001,day,20.6,µg/m3,2013-03-23 00:00:00 +01:00,2013-03-24 00:00:00 +01:00,1,1
ES,ES.BDCA.AQD,NET_ES209A,STA_ES1438A,ES1438A,SP_08019043_9_M,SPP_08019043_9_M.1,SAM_08019043_9_M,PM2.5,http://dd.eionet.europa.eu/vocabulary/aq/pollutant/6001,day,13.7,µg/m3,2013-03-30 00:00:00 +01:00,2013-03-31 00:00:00 +01:00,1,1
ES,ES.BDCA.AQD,NET_ES209A,STA_ES1438A,ES1438A,SP_08019043_9_M,SPP_08019043_9_M.1,SAM_08019043_9_M,PM2.5,http://dd.eionet.europa.eu/vocabulary/aq/pollutant/6001,day,,µg/m3,2013-04-06 00:00:00 +01:00,2013-04-07 00:00:00 +01:00,-1,1
ES,ES.BDCA.AQD,NET_ES209A,STA_ES1438A,ES1438A,SP_08019043_9_M,SPP_08019043_9_M.1,SAM_08019043_9_M,PM2.5,http://dd.eionet.europa.eu/vocabulary/aq/pollutant/6001,day,36.9,µg/m3,2013-01-09 00:00:00 +01:00,2013-01-10 00:00:00 +01:00,1,1
ES,ES.BDCA.AQD,NET_ES209A,STA_ES1438A,ES1438A,SP_08019043_9_M,SPP_08019043_9_M.1,SAM_08019043_9_M,PM2.5,http://dd.eionet.europa.eu/vocabulary/aq/pollutant/6001,day,21.6,µg/m3,2013-02-14 00:00:00 +01:00,2013-02-15 00:00:00 +01:00,1,1
ES,ES.BDCA.AQD,NET_ES209A,STA_ES1438A,ES1438A,SP_08019043_9_M,SPP_08019043_9_M.1,SAM_08019043_9_M,PM2.5,http://dd.eionet.europa.eu/vocabulary/aq/pollutant/6001,day,19.8,µg/m3,2013-02-18 00:00:00 +01:00,2013-02-19 00:00:00 +01:00,1,1
ES,ES.BDCA.AQD,NET_ES209A,STA_ES1438A,ES1438A,SP_08019043_9_M,SPP_08019043_9_M.1,SAM_08019043_9_M,PM2.5,http://dd.eionet.europa.eu/vocabulary/aq/pollutant/6001,day,12.1,µg/m3,2013-02-11 00:00:00 +01:00,2013-02-12 00:00:00 +01:00,1,1
ES,ES.BDCA.AQD,NET_ES209A,STA_ES1438A,ES1438A,SP_08019043_9_M,SPP_08019043_9_M.1,SAM_08019043_9_M,PM2.5,http://dd.eionet.europa.eu/vocabulary/aq/pollutant/6001,day,14.5,µg/m3,2013-02-08 00:00:00 +01:00,2013-02-09 00:00:00 +01:00,1,1
ES,ES.BDCA.AQD,NET_ES209A,STA_ES1438A,ES1438A,SP_08019043_9_M,SPP_08019043_9_M.1,SAM_08019043_9_M,PM2.5,http://dd.eionet.europa.eu/vocabulary/aq/pollutant/6001,day,12.5,µg/m3,2013-02-02 00:00:00 +01:00,2013-02-03 00:00:00 +01:00,1,1
ES,ES.BDCA.AQD,NET_ES209A,STA_ES1438A,ES1438A,SP_08019043_9_M,SPP_08019043_9_M.1,SAM_08019043_9_M,PM2.5,http://dd.eionet.europa.eu/vocabulary/aq/pollutant/6001,day,12.5,µg/m3,2013-01-27 00:00:00 +01:00,2013-01-28 00:00:00 +01:00,1,1
ES,ES.BDCA.AQD,NET_ES209A,STA_ES1438A,ES1438A,SP_08019043_9_M,SPP_08019043_9_M.1,SAM_08019043_9_M,PM2.5,http://dd.eionet.europa.eu/vocabulary/aq/pollutant/6001,day,8.6,µg/m3,2013-01-22 00:00:00 +01:00,2013-01-23 00:00:00 +01:00,1,1
ES,ES.BDCA.AQD,NET_ES209A,STA_ES1438A,ES1438A,SP_08019043_9_M,SPP_08019043_9_M.1,SAM_08019043_9_M,PM2.5,http://dd.eionet.europa.eu/vocabulary/aq/pollutant/6001,day,18.9,µg/m3,2013-03-28 00:00:00 +01:00,2013-03-29 00:00:00 +01:00,1,1
ES,ES.BDCA.AQD,NET_ES209A,STA_ES1438A,ES1438A,SP_08019043_9_M,SPP_08019043_9_M.1,SAM_08019043_9_M,PM2.5,http://dd.eionet.europa.eu/vocabulary/aq/pollutant/6001,day,15.5,µg/m3,2013-04-02 00:00:00 +01:00,2013-04-03 00:00:00 +01:00,1,1
ES,ES.BDCA.AQD,NET_ES209A,STA_ES1438A,ES1438A,SP_08019043_9_M,SPP_08019043_9_M.1,SAM_08019043_9_M,PM2.5,http://dd.eionet.europa.eu/vocabulary/aq/pollutant/6001,day,15.2,µg/m3,2013-03-18 00:00:00 +01:00,2013-03-19 00:00:00 +01:00,1,1
ES,ES.BDCA.AQD,NET_ES209A,STA_ES1438A,ES1438A,SP_08019043_9_M,SPP_08019043_9_M.1,SAM_08019043_9_M,PM2.5,http://dd.eionet.europa.eu/vocabulary/aq/pollutant/6001,day,16.9,µg/m3,2013-03-22 00:00:00 +01:00,2013-03-23 00:00:00 +01:00,1,1
ES,ES.BDCA.AQD,NET_ES209A,STA_ES1438A,ES1438A,SP_08019043_9_M,SPP_08019043_9_M.1,SAM_08019043_9_M,PM2.5,http://dd.eionet.europa.eu/vocabulary/aq/pollutant/6001,day,11.4,µg/m3,2013-03-08 00:00:00 +01:00,2013-03-09 00:00:00 +01:00,1,1
ES,ES.BDCA.AQD,NET_ES209A,STA_ES1438A,ES1438A,SP_08019043_9_M,SPP_08019043_9_M.1,SAM_08019043_9_M,PM2.5,http://dd.eionet.europa.eu/vocabulary/aq/pollutant/6001,day,21.4,µg/m3,2013-03-04 00:00:00 +01:00,2013-03-05 00:00:00 +01:00,1,1
ES,ES.BDCA.AQD,NET_ES209A,STA_ES1438A,ES1438A,SP_08019043_9_M,SPP_08019043_9_M.1,SAM_08019043_9_M,PM2.5,http://dd.eionet.europa.eu/vocabulary/aq/pollutant/6001,day,30.5,µg/m3,2013-03-03 00:00:00 +01:00,2013-03-04 00:00:00 +01:00,1,1
ES,ES.BDCA.AQD,NET_ES209A,STA_ES1438A,ES1438A,SP_08019043_9_M,SPP_08019043_9_M.1,SAM_08019043_9_M,PM2.5,http://dd.eionet.europa.eu/vocabulary/aq/pollutant/6001,day,19.9,µg/m3,2013-02-24 00:00:00 +01:00,2013-02-25 00:00:00 +01:00,1,1
ES,ES.BDCA.AQD,NET_ES209A,STA_ES1438A,ES1438A,SP_08019043_9_M,SPP_08019043_9_M.1,SAM_08019043_9_M,PM2.5,http://dd.eionet.europa.eu/vocabulary/aq/pollutant/6001,day,14.0,µg/m3,2013-04-28 00:00:00 +01:00,2013-04-29 00:00:00 +01:00,1,1
ES,ES.BDCA.AQD,NET_ES209A,STA_ES1438A,ES1438A,SP_08019043_9_M,SPP_08019043_9_M.1,SAM_08019043_9_M,PM2.5,http://dd.eionet.europa.eu/vocabulary/aq/pollutant/6001,day,20.2,µg/m3,2013-05-02 00:00:00 +01:00,2013-05-03 00:00:00 +01:00,1,1
ES,ES.BDCA.AQD,NET_ES209A,STA_ES1438A,ES1438A,SP_08019043_9_M,SPP_08019043_9_M.1,SAM_08019043_9_M,PM2.5,http://dd.eionet.europa.eu/vocabulary/aq/pollutant/6001,day,14.4,µg/m3,2013-04-13 00:00:00 +01:00,2013-04-14 00:00:00 +01:00,1,1
ES,ES.BDCA.AQD,NET_ES209A,STA_ES1438A,ES1438A,SP_08019043_9_M,SPP_08019043_9_M.1,SAM_08019043_9_M,PM2.5,http://dd.eionet.europa.eu/vocabulary/aq/pollutant/6001,day,22.6,µg/m3,2013-04-12 00:00:00 +01:00,2013-04-13 00:00:00 +01:00,1,1
ES,ES.BDCA.AQD,NET_ES209A,STA_ES1438A,ES1438A,SP_08019043_9_M,SPP_08019043_9_M.1,SAM_08019043_9_M,PM2.5,http://dd.eionet.europa.eu/vocabulary/aq/pollutant/6001,day,,µg/m3,2013-04-08 00:00:00 +01:00,2013-04-09 00:00:00 +01:00,-1,1
ES,ES.BDCA.AQD,NET_ES209A,STA_ES1438A,ES1438A,SP_08019043_9_M,SPP_08019043_9_M.1,SAM_08019043_9_M,PM2.5,http://dd.eionet.europa.eu/vocabulary/aq/pollutant/6001,day,33.8,µg/m3,2013-01-05 00:00:00 +01:00,2013-01-06 00:00:00 +01:00,1,1
ES,ES.BDCA.AQD,NET_ES209A,STA_ES1438A,ES1438A,SP_08019043_9_M,SPP_08019043_9_M.1,SAM_08019043_9_M,PM2.5,http://dd.eionet.europa.eu/vocabulary/aq/pollutant/6001,day,29.0,µg/m3,2013-01-04 00:00:00 +01:00,2013-01-05 00:00:00 +01:00,1,1
ES,ES.BDCA.AQD,NET_ES209A,STA_ES1438A,ES1438A,SP_08019043_9_M,SPP_08019043_9_M.1,SAM_08019043_9_M,PM2.5,http://dd.eionet.europa.eu/vocabulary/aq/pollutant/6001,day,29.7,µg/m3,2013-01-06 00:00:00 +01:00,2013-01-07 00:00:00 +01:00,1,1
ES,ES.BDCA.AQD,NET_ES209A,STA_ES1438A,ES1438A,SP_08019043_9_M,SPP_08019043_9_M.1,SAM_08019043_9_M,PM2.5,http://dd.eionet.europa.eu/vocabulary/aq/pollutant/6001,day,32.2,µg/m3,2013-01-08 00:00:00 +01:00,2013-01-09 00:00:00 +01:00,1,1
ES,ES.BDCA.AQD,NET_ES209A,STA_ES1438A,ES1438A,SP_08019043_9_M,SPP_08019043_9_M.1,SAM_08019043_9_M,PM2.5,http://dd.eionet.europa.eu/vocabulary/aq/pollutant/6001,day,26.8,µg/m3,2013-01-12 00:00:00 +01:00,2013-01-13 00:00:00 +01:00,1,1
ES,ES.BDCA.AQD,NET_ES209A,STA_ES1438A,ES1438A,SP_08019043_9_M,SPP_08019043_9_M.1,SAM_08019043_9_M,PM2.5,http://dd.eionet.europa.eu/vocabulary/aq/pollutant/6001,day,23.1,µg/m3,2013-01-14 00:00:00 +01:00,2013-01-15 00:00:00 +01:00,1,1
ES,ES.BDCA.AQD,NET_ES209A,STA_ES1438A,ES1438A,SP_08019043_9_M,SPP_08019043_9_M.1,SAM_08019043_9_M,PM2.5,http://dd.eionet.europa.eu/vocabulary/aq/pollutant/6001,day,31.0,µg/m3,2013-01-11 00:00:00 +01:00,2013-01-12 00:00:00 +01:00,1,1
ES,ES.BDCA.AQD,NET_ES209A,STA_ES1438A,ES1438A,SP_08019043_9_M,SPP_08019043_9_M.1,SAM_08019043_9_M,PM2.5,http://dd.eionet.europa.eu/vocabulary/aq/pollutant/6001,day,,µg/m3,2013-01-21 00:00:00 +01:00,2013-01-22 00:00:00 +01:00,-1,1
ES,ES.BDCA.AQD,NET_ES209A,STA_ES1438A,ES1438A,SP_08019043_9_M,SPP_08019043_9_M.1,SAM_08019043_9_M,PM2.5,http://dd.eionet.europa.eu/vocabulary/aq/pollutant/6001,day,10.2,µg/m3,2013-01-23 00:00:00 +01:00,2013-01-24 00:00:00 +01:00,1,1
ES,ES.BDCA.AQD,NET_ES209A,STA_ES1438A,ES1438A,SP_08019043_9_M,SPP_08019043_9_M.1,SAM_08019043_9_M,PM2.5,http://dd.eionet.europa.eu/vocabulary/aq/pollutant/6001,day,9.8,µg/m3,2013-01-25 00:00:00 +01:00,2013-01-26 00:00:00 +01:00,1,1
ES,ES.BDCA.AQD,NET_ES209A,STA_ES1438A,ES1438A,SP_08019043_9_M,SPP_08019043_9_M.1,SAM_08019043_9_M,PM2.5,http://dd.eionet.europa.eu/vocabulary/aq/pollutant/6001,day,10.7,µg/m3,2013-01-26 00:00:00 +01:00,2013-01-27 00:00:00 +01:00,1,1
ES,ES.BDCA.AQD,NET_ES209A,STA_ES1438A,ES1438A,SP_08019043_9_M,SPP_08019043_9_M.1,SAM_08019043_9_M,PM2.5,http://dd.eionet.europa.eu/vocabulary/aq/pollutant/6001,day,23.2,µg/m3,2013-02-27 00:00:00 +01:00,2013-02-28 00:00:00 +01:00,1,1
ES,ES.BDCA.AQD,NET_ES209A,STA_ES1438A,ES1438A,SP_08019043_9_M,SPP_08019043_9_M.1,SAM_08019043_9_M,PM2.5,http://dd.eionet.europa.eu/vocabulary/aq/pollutant/6001,day,16.8,µg/m3,2013-02-26 00:00:00 +01:00,2013-02-27 00:00:00 +01:00,1,1
ES,ES.BDCA.AQD,NET_ES209A,STA_ES1438A,ES1438A,SP_08019043_9_M,SPP_08019043_9_M.1,SAM_08019043_9_M,PM2.5,http://dd.eionet.europa.eu/vocabulary/aq/pollutant/6001,day,14.2,µg/m3,2013-03-01 00:00:00 +01:00,2013-03-02 00:00:00 +01:00,1,1
ES,ES.BDCA.AQD,NET_ES209A,STA_ES1438A,ES1438A,SP_08019043_9_M,SPP_08019043_9_M.1,SAM_08019043_9_M,PM2.5,http://dd.eionet.europa.eu/vocabulary/aq/pollutant/6001,day,12.3,µg/m3,2013-02-28 00:00:00 +01:00,2013-03-01 00:00:00 +01:00,1,1
ES,ES.BDCA.AQD,NET_ES209A,STA_ES1438A,ES1438A,SP_08019043_9_M,SPP_08019043_9_M.1,SAM_08019043_9_M,PM2.5,http://dd.eionet.europa.eu/vocabulary/aq/pollutant/6001,day,13.2,µg/m3,2013-02-09 00:00:00 +01:00,2013-02-10 00:00:00 +01:00,1,1
ES,ES.BDCA.AQD,NET_ES209A,STA_ES1438A,ES1438A,SP_08019043_9_M,SPP_08019043_9_M.1,SAM_08019043_9_M,PM2.5,http://dd.eionet.europa.eu/vocabulary/aq/pollutant/6001,day,20.2,µg/m3,2013-02-06 00:00:00 +01:00,2013-02-07 00:00:00 +01:00,1,1
ES,ES.BDCA.AQD,NET_ES209A,STA_ES1438A,ES1438A,SP_08019043_9_M,SPP_08019043_9_M.1,SAM_08019043_9_M,PM2.5,http://dd.eionet.europa.eu/vocabulary/aq/pollutant/6001,day,17.3,µg/m3,2013-02-04 00:00:00 +01:00,2013-02-05 00:00:00 +01:00,1,1
ES,ES.BDCA.AQD,NET_ES209A,STA_ES1438A,ES1438A,SP_08019043_9_M,SPP_08019043_9_M.1,SAM_08019043_9_M,PM2.5,http://dd.eionet.europa.eu/vocabulary/aq/pollutant/6001,day,16.8,µg/m3,2013-02-05 00:00:00 +01:00,2013-02-06 00:00:00 +01:00,1,1
ES,ES.BDCA.AQD,NET_ES209A,STA_ES1438A,ES1438A,SP_08019043_9_M,SPP_08019043_9_M.1,SAM_08019043_9_M,PM2.5,http://dd.eionet.europa.eu/vocabulary/aq/pollutant/6001,day,25.1,µg/m3,2013-01-30 00:00:00 +01:00,2013-01-31 00:00:00 +01:00,1,1
ES,ES.BDCA.AQD,NET_ES209A,STA_ES1438A,ES1438A,SP_08019043_9_M,SPP_08019043_9_M.1,SAM_08019043_9_M,PM2.5,http://dd.eionet.europa.eu/vocabulary/aq/pollutant/6001,day,10.2,µg/m3,2013-01-28 00:00:00 +01:00,2013-01-29 00:00:00 +01:00,1,1
ES,ES.BDCA.AQD,NET_ES209A,STA_ES1438A,ES1438A,SP_08019043_9_M,SPP_08019043_9_M.1,SAM_08019043_9_M,PM2.5,http://dd.eionet.europa.eu/vocabulary/aq/pollutant/6001,day,15.8,µg/m3,2013-01-29 00:00:00 +01:00,2013-01-30 00:00:00 +01:00,1,1
ES,ES.BDCA.AQD,NET_ES209A,STA_ES1438A,ES1438A,SP_08019043_9_M,SPP_08019043_9_M.1,SAM_08019043_9_M,PM2.5,http://dd.eionet.europa.eu/vocabulary/aq/pollutant/6001,day,22.4,µg/m3,2013-01-31 00:00:00 +01:00,2013-02-01 00:00:00 +01:00,1,1
ES,ES.BDCA.AQD,NET_ES209A,STA_ES1438A,ES1438A,SP_08019043_9_M,SPP_08019043_9_M.1,SAM_08019043_9_M,PM2.5,http://dd.eionet.europa.eu/vocabulary/aq/pollutant/6001,day,23.5,µg/m3,2013-02-01 00:00:00 +01:00,2013-02-02 00:00:00 +01:00,1,1
ES,ES.BDCA.AQD,NET_ES209A,STA_ES1438A,ES1438A,SP_08019043_9_M,SPP_08019043_9_M.1,SAM_08019043_9_M,PM2.5,http://dd.eionet.europa.eu/vocabulary/aq/pollutant/6001,day,13.4,µg/m3,2013-02-16 00:00:00 +01:00,2013-02-17 00:00:00 +01:00,1,1
ES,ES.BDCA.AQD,NET_ES209A,STA_ES1438A,ES1438A,SP_08019043_9_M,SPP_08019043_9_M.1,SAM_08019043_9_M,PM2.5,http://dd.eionet.europa.eu/vocabulary/aq/pollutant/6001,day,17.2,µg/m3,2013-02-15 00:00:00 +01:00,2013-02-16 00:00:00 +01:00,1,1
ES,ES.BDCA.AQD,NET_ES209A,STA_ES1438A,ES1438A,SP_08019043_9_M,SPP_08019043_9_M.1,SAM_08019043_9_M,PM2.5,http://dd.eionet.europa.eu/vocabulary/aq/pollutant/6001,day,12.2,µg/m3,2013-02-10 00:00:00 +01:00,2013-02-11 00:00:00 +01:00,1,1
ES,ES.BDCA.AQD,NET_ES209A,STA_ES1438A,ES1438A,SP_08019043_9_M,SPP_08019043_9_M.1,SAM_08019043_9_M,PM2.5,http://dd.eionet.europa.eu/vocabulary/aq/pollutant/6001,day,13.7,µg/m3,2013-02-17 00:00:00 +01:00,2013-02-18 00:00:00 +01:00,1,1
ES,ES.BDCA.AQD,NET_ES209A,STA_ES1438A,ES1438A,SP_08019043_9_M,SPP_08019043_9_M.1,SAM_08019043_9_M,PM2.5,http://dd.eionet.europa.eu/vocabulary/aq/pollutant/6001,day,26.1,µg/m3,2013-02-21 00:00:00 +01:00,2013-02-22 00:00:00 +01:00,1,1
ES,ES.BDCA.AQD,NET_ES209A,STA_ES1438A,ES1438A,SP_08019043_9_M,SPP_08019043_9_M.1,SAM_08019043_9_M,PM2.5,http://dd.eionet.europa.eu/vocabulary/aq/pollutant/6001,day,17.8,µg/m3,2013-02-23 00:00:00 +01:00,2013-02-24 00:00:00 +01:00,1,1
ES,ES.BDCA.AQD,NET_ES209A,STA_ES1438A,ES1438A,SP_08019043_9_M,SPP_08019043_9_M.1,SAM_08019043_9_M,PM2.5,http://dd.eionet.europa.eu/vocabulary/aq/pollutant/6001,day,18.7,µg/m3,2013-02-20 00:00:00 +01:00,2013-02-21 00:00:00 +01:00,1,1
ES,ES.BDCA.AQD,NET_ES209A,STA_ES1438A,ES1438A,SP_08019043_9_M,SPP_08019043_9_M.1,SAM_08019043_9_M,PM2.5,http://dd.eionet.europa.eu/vocabulary/aq/pollutant/6001,day,13.1,µg/m3,2013-04-01 00:00:00 +01:00,2013-04-02 00:00:00 +01:00,1,1
ES,ES.BDCA.AQD,NET_ES209A,STA_ES1438A,ES1438A,SP_08019043_9_M,SPP_08019043_9_M.1,SAM_08019043_9_M,PM2.5,http://dd.eionet.europa.eu/vocabulary/aq/pollutant/6001,day,11.6,µg/m3,2013-03-31 00:00:00 +01:00,2013-04-01 00:00:00 +01:00,1,1
ES,ES.BDCA.AQD,NET_ES209A,STA_ES1438A,ES1438A,SP_08019043_9_M,SPP_08019043_9_M.1,SAM_08019043_9_M,PM2.5,http://dd.eionet.europa.eu/vocabulary/aq/pollutant/6001,day,,µg/m3,2013-04-05 00:00:00 +01:00,2013-04-06 00:00:00 +01:00,-1,1
ES,ES.BDCA.AQD,NET_ES209A,STA_ES1438A,ES1438A,SP_08019043_9_M,SPP_08019043_9_M.1,SAM_08019043_9_M,PM2.5,http://dd.eionet.europa.eu/vocabulary/aq/pollutant/6001,day,,µg/m3,2013-04-04 00:00:00 +01:00,2013-04-05 00:00:00 +01:00,-1,1
ES,ES.BDCA.AQD,NET_ES209A,STA_ES1438A,ES1438A,SP_08019043_9_M,SPP_08019043_9_M.1,SAM_08019043_9_M,PM2.5,http://dd.eionet.europa.eu/vocabulary/aq/pollutant/6001,day,,µg/m3,2013-04-07 00:00:00 +01:00,2013-04-08 00:00:00 +01:00,-1,1
ES,ES.BDCA.AQD,NET_ES209A,STA_ES1438A,ES1438A,SP_08019043_9_M,SPP_08019043_9_M.1,SAM_08019043_9_M,PM2.5,http://dd.eionet.europa.eu/vocabulary/aq/pollutant/6001,day,14.5,µg/m3,2013-03-20 00:00:00 +01:00,2013-03-21 00:00:00 +01:00,1,1
ES,ES.BDCA.AQD,NET_ES209A,STA_ES1438A,ES1438A,SP_08019043_9_M,SPP_08019043_9_M.1,SAM_08019043_9_M,PM2.5,http://dd.eionet.europa.eu/vocabulary/aq/pollutant/6001,day,17.2,µg/m3,2013-03-19 00:00:00 +01:00,2013-03-20 00:00:00 +01:00,1,1
ES,ES.BDCA.AQD,NET_ES209A,STA_ES1438A,ES1438A,SP_08019043_9_M,SPP_08019043_9_M.1,SAM_08019043_9_M,PM2.5,http://dd.eionet.europa.eu/vocabulary/aq/pollutant/6001,day,18.1,µg/m3,2013-03-21 00:00:00 +01:00,2013-03-22 00:00:00 +01:00,1,1
ES,ES.BDCA.AQD,NET_ES209A,STA_ES1438A,ES1438A,SP_08019043_9_M,SPP_08019043_9_M.1,SAM_08019043_9_M,PM2.5,http://dd.eionet.europa.eu/vocabulary/aq/pollutant/6001,day,14.8,µg/m3,2013-03-29 00:00:00 +01:00,2013-03-30 00:00:00 +01:00,1,1
ES,ES.BDCA.AQD,NET_ES209A,STA_ES1438A,ES1438A,SP_08019043_9_M,SPP_08019043_9_M.1,SAM_08019043_9_M,PM2.5,http://dd.eionet.europa.eu/vocabulary/aq/pollutant/6001,day,14.5,µg/m3,2013-03-25 00:00:00 +01:00,2013-03-26 00:00:00 +01:00,1,1
ES,ES.BDCA.AQD,NET_ES209A,STA_ES1438A,ES1438A,SP_08019043_9_M,SPP_08019043_9_M.1,SAM_08019043_9_M,PM2.5,http://dd.eionet.europa.eu/vocabulary/aq/pollutant/6001,day,13.3,µg/m3,2013-03-26 00:00:00 +01:00,2013-03-27 00:00:00 +01:00,1,1
ES,ES.BDCA.AQD,NET_ES209A,STA_ES1438A,ES1438A,SP_08019043_9_M,SPP_08019043_9_M.1,SAM_08019043_9_M,PM2.5,http://dd.eionet.europa.eu/vocabulary/aq/pollutant/6001,day,15.2,µg/m3,2013-03-16 00:00:00 +01:00,2013-03-17 00:00:00 +01:00,1,1
ES,ES.BDCA.AQD,NET_ES209A,STA_ES1438A,ES1438A,SP_08019043_9_M,SPP_08019043_9_M.1,SAM_08019043_9_M,PM2.5,http://dd.eionet.europa.eu/vocabulary/aq/pollutant/6001,day,11.0,µg/m3,2013-03-17 00:00:00 +01:00,2013-03-18 00:00:00 +01:00,1,1
ES,ES.BDCA.AQD,NET_ES209A,STA_ES1438A,ES1438A,SP_08019043_9_M,SPP_08019043_9_M.1,SAM_08019043_9_M,PM2.5,http://dd.eionet.europa.eu/vocabulary/aq/pollutant/6001,day,15.8,µg/m3,2013-03-15 00:00:00 +01:00,2013-03-16 00:00:00 +01:00,1,1
ES,ES.BDCA.AQD,NET_ES209A,STA_ES1438A,ES1438A,SP_08019043_9_M,SPP_08019043_9_M.1,SAM_08019043_9_M,PM2.5,http://dd.eionet.europa.eu/vocabulary/aq/pollutant/6001,day,9.0,µg/m3,2013-03-12 00:00:00 +01:00,2013-03-13 00:00:00 +01:00,1,1
ES,ES.BDCA.AQD,NET_ES209A,STA_ES1438A,ES1438A,SP_08019043_9_M,SPP_08019043_9_M.1,SAM_08019043_9_M,PM2.5,http://dd.eionet.europa.eu/vocabulary/aq/pollutant/6001,day,10.7,µg/m3,2013-03-13 00:00:00 +01:00,2013-03-14 00:00:00 +01:00,1,1
ES,ES.BDCA.AQD,NET_ES209A,STA_ES1438A,ES1438A,SP_08019043_9_M,SPP_08019043_9_M.1,SAM_08019043_9_M,PM2.5,http://dd.eionet.europa.eu/vocabulary/aq/pollutant/6001,day,10.3,µg/m3,2013-03-11 00:00:00 +01:00,2013-03-12 00:00:00 +01:00,1,1
ES,ES.BDCA.AQD,NET_ES209A,STA_ES1438A,ES1438A,SP_08019043_9_M,SPP_08019043_9_M.1,SAM_08019043_9_M,PM2.5,http://dd.eionet.europa.eu/vocabulary/aq/pollutant/6001,day,17.0,µg/m3,2013-03-06 00:00:00 +01:00,2013-03-07 00:00:00 +01:00,1,1
ES,ES.BDCA.AQD,NET_ES209A,STA_ES1438A,ES1438A,SP_08019043_9_M,SPP_08019043_9_M.1,SAM_08019043_9_M,PM2.5,http://dd.eionet.europa.eu/vocabulary/aq/pollutant/6001,day,9.6,µg/m3,2013-03-09 00:00:00 +01:00,2013-03-10 00:00:00 +01:00,1,1
ES,ES.BDCA.AQD,NET_ES209A,STA_ES1438A,ES1438A,SP_08019043_9_M,SPP_08019043_9_M.1,SAM_08019043_9_M,PM2.5,http://dd.eionet.europa.eu/vocabulary/aq/pollutant/6001,day,11.6,µg/m3,2013-03-10 00:00:00 +01:00,2013-03-11 00:00:00 +01:00,1,1
ES,ES.BDCA.AQD,NET_ES209A,STA_ES1438A,ES1438A,SP_08019043_9_M,SPP_08019043_9_M.1,SAM_08019043_9_M,PM2.5,http://dd.eionet.europa.eu/vocabulary/aq/pollutant/6001,day,19.8,µg/m3,2013-04-10 00:00:00 +01:00,2013-04-11 00:00:00 +01:00,1,1
ES,ES.BDCA.AQD,NET_ES209A,STA_ES1438A,ES1438A,SP_08019043_9_M,SPP_08019043_9_M.1,SAM_08019043_9_M,PM2.5,http://dd.eionet.europa.eu/vocabulary/aq/pollutant/6001,day,21.2,µg/m3,2013-04-09 00:00:00 +01:00,2013-04-10 00:00:00 +01:00,1,1
ES,ES.BDCA.AQD,NET_ES209A,STA_ES1438A,ES1438A,SP_08019043_9_M,SPP_08019043_9_M.1,SAM_08019043_9_M,PM2.5,http://dd.eionet.europa.eu/vocabulary/aq/pollutant/6001,day,16.7,µg/m3,2013-04-14 00:00:00 +01:00,2013-04-15 00:00:00 +01:00,1,1
ES,ES.BDCA.AQD,NET_ES209A,STA_ES1438A,ES1438A,SP_08019043_9_M,SPP_08019043_9_M.1,SAM_08019043_9_M,PM2.5,http://dd.eionet.europa.eu/vocabulary/aq/pollutant/6001,day,23.0,µg/m3,2013-04-16 00:00:00 +01:00,2013-04-17 00:00:00 +01:00,1,1
ES,ES.BDCA.AQD,NET_ES209A,STA_ES1438A,ES1438A,SP_08019043_9_M,SPP_08019043_9_M.1,SAM_08019043_9_M,PM2.5,http://dd.eionet.europa.eu/vocabulary/aq/pollutant/6001,day,26.5,µg/m3,2013-04-17 00:00:00 +01:00,2013-04-18 00:00:00 +01:00,1,1
ES,ES.BDCA.AQD,NET_ES209A,STA_ES1438A,ES1438A,SP_08019043_9_M,SPP_08019043_9_M.1,SAM_08019043_9_M,PM2.5,http://dd.eionet.europa.eu/vocabulary/aq/pollutant/6001,day,22.2,µg/m3,2013-04-19 00:00:00 +01:00,2013-04-20 00:00:00 +01:00,1,1
ES,ES.BDCA.AQD,NET_ES209A,STA_ES1438A,ES1438A,SP_08019043_9_M,SPP_08019043_9_M.1,SAM_08019043_9_M,PM2.5,http://dd.eionet.europa.eu/vocabulary/aq/pollutant/6001,day,25.2,µg/m3,2013-04-18 00:00:00 +01:00,2013-04-19 00:00:00 +01:00,1,1
ES,ES.BDCA.AQD,NET_ES209A,STA_ES1438A,ES1438A,SP_08019043_9_M,SPP_08019043_9_M.1,SAM_08019043_9_M,PM2.5,http://dd.eionet.europa.eu/vocabulary/aq/pollutant/6001,day,21.3,µg/m3,2013-04-23 00:00:00 +01:00,2013-04-24 00:00:00 +01:00,1,1
ES,ES.BDCA.AQD,NET_ES209A,STA_ES1438A,ES1438A,SP_08019043_9_M,SPP_08019043_9_M.1,SAM_08019043_9_M,PM2.5,http://dd.eionet.europa.eu/vocabulary/aq/pollutant/6001,day,21.4,µg/m3,2013-04-24 00:00:00 +01:00,2013-04-25 00:00:00 +01:00,1,1
ES,ES.BDCA.AQD,NET_ES209A,STA_ES1438A,ES1438A,SP_08019043_9_M,SPP_08019043_9_M.1,SAM_08019043_9_M,PM2.5,http://dd.eionet.europa.eu/vocabulary/aq/pollutant/6001,day,20.9,µg/m3,2013-04-22 00:00:00 +01:00,2013-04-23 00:00:00 +01:00,1,1
ES,ES.BDCA.AQD,NET_ES209A,STA_ES1438A,ES1438A,SP_08019043_9_M,SPP_08019043_9_M.1,SAM_08019043_9_M,PM2.5,http://dd.eionet.europa.eu/vocabulary/aq/pollutant/6001,day,16.4,µg/m3,2013-04-21 00:00:00 +01:00,2013-04-22 00:00:00 +01:00,1,1
ES,ES.BDCA.AQD,NET_ES209A,STA_ES1438A,ES1438A,SP_08019043_9_M,SPP_08019043_9_M.1,SAM_08019043_9_M,PM2.5,http://dd.eionet.europa.eu/vocabulary/aq/pollutant/6001,day,12.2,µg/m3,2013-04-27 00:00:00 +01:00,2013-04-28 00:00:00 +01:00,1,1
ES,ES.BDCA.AQD,NET_ES209A,STA_ES1438A,ES1438A,SP_08019043_9_M,SPP_08019043_9_M.1,SAM_08019043_9_M,PM2.5,http://dd.eionet.europa.eu/vocabulary/aq/pollutant/6001,day,30.6,µg/m3,2013-04-26 00:00:00 +01:00,2013-04-27 00:00:00 +01:00,1,1
ES,ES.BDCA.AQD,NET_ES209A,STA_ES1438A,ES1438A,SP_08019043_9_M,SPP_08019043_9_M.1,SAM_08019043_9_M,PM2.5,http://dd.eionet.europa.eu/vocabulary/aq/pollutant/6001,day,17.7,µg/m3,2013-05-01 00:00:00 +01:00,2013-05-02 00:00:00 +01:00,1,1
ES,ES.BDCA.AQD,NET_ES209A,STA_ES1438A,ES1438A,SP_08019043_9_M,SPP_08019043_9_M.1,SAM_08019043_9_M,PM2.5,http://dd.eionet.europa.eu/vocabulary/aq/pollutant/6001,day,16.6,µg/m3,2013-05-03 00:00:00 +01:00,2013-05-04 00:00:00 +01:00,1,1
ES,ES.BDCA.AQD,NET_ES209A,STA_ES1438A,ES1438A,SP_08019043_9_M,SPP_08019043_9_M.1,SAM_08019043_9_M,PM2.5,http://dd.eionet.europa.eu/vocabulary/aq/pollutant/6001,day,20.1,µg/m3,2013-04-30 00:00:00 +01:00,2013-05-01 00:00:00 +01:00,1,1
ES,ES.BDCA.AQD,NET_ES209A,STA_ES1438A,ES1438A,SP_08019043_9_M,SPP_08019043_9_M.1,SAM_08019043_9_M,PM2.5,http://dd.eionet.europa.eu/vocabulary/aq/pollutant/6001,day,18.9,µg/m3,2013-05-09 00:00:00 +01:00,2013-05-10 00:00:00 +01:00,1,1
ES,ES.BDCA.AQD,NET_ES209A,STA_ES1438A,ES1438A,SP_08019043_9_M,SPP_08019043_9_M.1,SAM_08019043_9_M,PM2.5,http://dd.eionet.europa.eu/vocabulary/aq/pollutant/6001,day,29.6,µg/m3,2013-05-08 00:00:00 +01:00,2013-05-09 00:00:00 +01:00,1,1
ES,ES.BDCA.AQD,NET_ES209A,STA_ES1438A,ES1438A,SP_08019043_9_M,SPP_08019043_9_M.1,SAM_08019043_9_M,PM2.5,http://dd.eionet.europa.eu/vocabulary/aq/pollutant/6001,day,22.8,µg/m3,2013-05-06 00:00:00 +01:00,2013-05-07 00:00:00 +01:00,1,1
ES,ES.BDCA.AQD,NET_ES209A,STA_ES1438A,ES1438A,SP_08019043_9_M,SPP_08019043_9_M.1,SAM_08019043_9_M,PM2.5,http://dd.eionet.europa.eu/vocabulary/aq/pollutant/6001,day,19.7,µg/m3,2013-05-04 00:00:00 +01:00,2013-05-05 00:00:00 +01:00,1,1
ES,ES.BDCA.AQD,NET_ES209A,STA_ES1438A,ES1438A,SP_08019043_9_M,SPP_08019043_9_M.1,SAM_08019043_9_M,PM2.5,http://dd.eionet.europa.eu/vocabulary/aq/pollutant/6001,day,17.2,µg/m3,2013-05-05 00:00:00 +01:00,2013-05-06 00:00:00 +01:00,1,1
ES,ES.BDCA.AQD,NET_ES209A,STA_ES1438A,ES1438A,SP_08019043_9_M,SPP_08019043_9_M.1,SAM_08019043_9_M,PM2.5,http://dd.eionet.europa.eu/vocabulary/aq/pollutant/6001,day,14.5,µg/m3,2013-05-12 00:00:00 +01:00,2013-05-13 00:00:00 +01:00,1,1
ES,ES.BDCA.AQD,NET_ES209A,STA_ES1438A,ES1438A,SP_08019043_9_M,SPP_08019043_9_M.1,SAM_08019043_9_M,PM2.5,http://dd.eionet.europa.eu/vocabulary/aq/pollutant/6001,day,16.2,µg/m3,2013-06-16 00:00:00 +01:00,2013-06-17 00:00:00 +01:00,1,1
ES,ES.BDCA.AQD,NET_ES209A,STA_ES1438A,ES1438A,SP_08019043_9_M,SPP_08019043_9_M.1,SAM_08019043_9_M,PM2.5,http://dd.eionet.europa.eu/vocabulary/aq/pollutant/6001,day,23.7,µg/m3,2013-06-13 00:00:00 +01:00,2013-06-14 00:00:00 +01:00,1,1
ES,ES.BDCA.AQD,NET_ES209A,STA_ES1438A,ES1438A,SP_08019043_9_M,SPP_08019043_9_M.1,SAM_08019043_9_M,PM2.5,http://dd.eionet.europa.eu/vocabulary/aq/pollutant/6001,day,17.8,µg/m3,2013-06-11 00:00:00 +01:00,2013-06-12 00:00:00 +01:00,1,1
ES,ES.BDCA.AQD,NET_ES209A,STA_ES1438A,ES1438A,SP_08019043_9_M,SPP_08019043_9_M.1,SAM_08019043_9_M,PM2.5,http://dd.eionet.europa.eu/vocabulary/aq/pollutant/6001,day,14.6,µg/m3,2013-06-10 00:00:00 +01:00,2013-06-11 00:00:00 +01:00,1,1
ES,ES.BDCA.AQD,NET_ES209A,STA_ES1438A,ES1438A,SP_08019043_9_M,SPP_08019043_9_M.1,SAM_08019043_9_M,PM2.5,http://dd.eionet.europa.eu/vocabulary/aq/pollutant/6001,day,21.0,µg/m3,2013-06-12 00:00:00 +01:00,2013-06-13 00:00:00 +01:00,1,1
ES,ES.BDCA.AQD,NET_ES209A,STA_ES1438A,ES1438A,SP_08019043_9_M,SPP_08019043_9_M.1,SAM_08019043_9_M,PM2.5,http://dd.eionet.europa.eu/vocabulary/aq/pollutant/6001,day,14.6,µg/m3,2013-06-08 00:00:00 +01:00,2013-06-09 00:00:00 +01:00,1,1
ES,ES.BDCA.AQD,NET_ES209A,STA_ES1438A,ES1438A,SP_08019043_9_M,SPP_08019043_9_M.1,SAM_08019043_9_M,PM2.5,http://dd.eionet.europa.eu/vocabulary/aq/pollutant/6001,day,12.5,µg/m3,2013-06-09 00:00:00 +01:00,2013-06-10 00:00:00 +01:00,1,1
ES,ES.BDCA.AQD,NET_ES209A,STA_ES1438A,ES1438A,SP_08019043_9_M,SPP_08019043_9_M.1,SAM_08019043_9_M,PM2.5,http://dd.eionet.europa.eu/vocabulary/aq/pollutant/6001,day,21.2,µg/m3,2013-06-07 00:00:00 +01:00,2013-06-08 00:00:00 +01:00,1,1
ES,ES.BDCA.AQD,NET_ES209A,STA_ES1438A,ES1438A,SP_08019043_9_M,SPP_08019043_9_M.1,SAM_08019043_9_M,PM2.5,http://dd.eionet.europa.eu/vocabulary/aq/pollutant/6001,day,19.6,µg/m3,2013-06-06 00:00:00 +01:00,2013-06-07 00:00:00 +01:00,1,1
ES,ES.BDCA.AQD,NET_ES209A,STA_ES1438A,ES1438A,SP_08019043_9_M,SPP_08019043_9_M.1,SAM_08019043_9_M,PM2.5,http://dd.eionet.europa.eu/vocabulary/aq/pollutant/6001,day,14.3,µg/m3,2013-06-02 00:00:00 +01:00,2013-06-03 00:00:00 +01:00,1,1
ES,ES.BDCA.AQD,NET_ES209A,STA_ES1438A,ES1438A,SP_08019043_9_M,SPP_08019043_9_M.1,SAM_08019043_9_M,PM2.5,http://dd.eionet.europa.eu/vocabulary/aq/pollutant/6001,day,13.9,µg/m3,2013-06-01 00:00:00 +01:00,2013-06-02 00:00:00 +01:00,1,1
ES,ES.BDCA.AQD,NET_ES209A,STA_ES1438A,ES1438A,SP_08019043_9_M,SPP_08019043_9_M.1,SAM_08019043_9_M,PM2.5,http://dd.eionet.europa.eu/vocabulary/aq/pollutant/6001,day,12.9,µg/m3,2013-05-28 00:00:00 +01:00,2013-05-29 00:00:00 +01:00,1,1
ES,ES.BDCA.AQD,NET_ES209A,STA_ES1438A,ES1438A,SP_08019043_9_M,SPP_08019043_9_M.1,SAM_08019043_9_M,PM2.5,http://dd.eionet.europa.eu/vocabulary/aq/pollutant/6001,day,13.2,µg/m3,2013-05-29 00:00:00 +01:00,2013-05-30 00:00:00 +01:00,1,1
ES,ES.BDCA.AQD,NET_ES209A,STA_ES1438A,ES1438A,SP_08019043_9_M,SPP_08019043_9_M.1,SAM_08019043_9_M,PM2.5,http://dd.eionet.europa.eu/vocabulary/aq/pollutant/6001,day,12.4,µg/m3,2013-05-30 00:00:00 +01:00,2013-05-31 00:00:00 +01:00,1,1
ES,ES.BDCA.AQD,NET_ES209A,STA_ES1438A,ES1438A,SP_08019043_9_M,SPP_08019043_9_M.1,SAM_08019043_9_M,PM2.5,http://dd.eionet.europa.eu/vocabulary/aq/pollutant/6001,day,11.1,µg/m3,2013-05-25 00:00:00 +01:00,2013-05-26 00:00:00 +01:00,1,1
ES,ES.BDCA.AQD,NET_ES209A,STA_ES1438A,ES1438A,SP_08019043_9_M,SPP_08019043_9_M.1,SAM_08019043_9_M,PM2.5,http://dd.eionet.europa.eu/vocabulary/aq/pollutant/6001,day,11.0,µg/m3,2013-05-20 00:00:00 +01:00,2013-05-21 00:00:00 +01:00,1,1
ES,ES.BDCA.AQD,NET_ES209A,STA_ES1438A,ES1438A,SP_08019043_9_M,SPP_08019043_9_M.1,SAM_08019043_9_M,PM2.5,http://dd.eionet.europa.eu/vocabulary/aq/pollutant/6001,day,11.4,µg/m3,2013-05-19 00:00:00 +01:00,2013-05-20 00:00:00 +01:00,1,1
ES,ES.BDCA.AQD,NET_ES209A,STA_ES1438A,ES1438A,SP_08019043_9_M,SPP_08019043_9_M.1,SAM_08019043_9_M,PM2.5,http://dd.eionet.europa.eu/vocabulary/aq/pollutant/6001,day,13.4,µg/m3,2013-05-16 00:00:00 +01:00,2013-05-17 00:00:00 +01:00,1,1
ES,ES.BDCA.AQD,NET_ES209A,STA_ES1438A,ES1438A,SP_08019043_9_M,SPP_08019043_9_M.1,SAM_08019043_9_M,PM2.5,http://dd.eionet.europa.eu/vocabulary/aq/pollutant/6001,day,16.6,µg/m3,2013-05-15 00:00:00 +01:00,2013-05-16 00:00:00 +01:00,1,1
ES,ES.BDCA.AQD,NET_ES209A,STA_ES1438A,ES1438A,SP_08019043_9_M,SPP_08019043_9_M.1,SAM_08019043_9_M,PM2.5,http://dd.eionet.europa.eu/vocabulary/aq/pollutant/6001,day,18.0,µg/m3,2013-05-14 00:00:00 +01:00,2013-05-15 00:00:00 +01:00,1,1
ES,ES.BDCA.AQD,NET_ES209A,STA_ES1438A,ES1438A,SP_08019043_9_M,SPP_08019043_9_M.1,SAM_08019043_9_M,PM2.5,http://dd.eionet.europa.eu/vocabulary/aq/pollutant/6001,day,18.4,µg/m3,2013-05-13 00:00:00 +01:00,2013-05-14 00:00:00 +01:00,1,1
ES,ES.BDCA.AQD,NET_ES209A,STA_ES1438A,ES1438A,SP_08019043_9_M,SPP_08019043_9_M.1,SAM_08019043_9_M,PM2.5,http://dd.eionet.europa.eu/vocabulary/aq/pollutant/6001,day,25.9,µg/m3,2013-07-19 00:00:00 +01:00,2013-07-20 00:00:00 +01:00,1,1
ES,ES.BDCA.AQD,NET_ES209A,STA_ES1438A,ES1438A,SP_08019043_9_M,SPP_08019043_9_M.1,SAM_08019043_9_M,PM2.5,http://dd.eionet.europa.eu/vocabulary/aq/pollutant/6001,day,20.6,µg/m3,2013-07-18 00:00:00 +01:00,2013-07-19 00:00:00 +01:00,1,1
ES,ES.BDCA.AQD,NET_ES209A,STA_ES1438A,ES1438A,SP_08019043_9_M,SPP_08019043_9_M.1,SAM_08019043_9_M,PM2.5,http://dd.eionet.europa.eu/vocabulary/aq/pollutant/6001,day,23.3,µg/m3,2013-07-16 00:00:00 +01:00,2013-07-17 00:00:00 +01:00,1,1
ES,ES.BDCA.AQD,NET_ES209A,STA_ES1438A,ES1438A,SP_08019043_9_M,SPP_08019043_9_M.1,SAM_08019043_9_M,PM2.5,http://dd.eionet.europa.eu/vocabulary/aq/pollutant/6001,day,20.1,µg/m3,2013-07-13 00:00:00 +01:00,2013-07-14 00:00:00 +01:00,1,1
ES,ES.BDCA.AQD,NET_ES209A,STA_ES1438A,ES1438A,SP_08019043_9_M,SPP_08019043_9_M.1,SAM_08019043_9_M,PM2.5,http://dd.eionet.europa.eu/vocabulary/aq/pollutant/6001,day,18.5,µg/m3,2013-07-14 00:00:00 +01:00,2013-07-15 00:00:00 +01:00,1,1
ES,ES.BDCA.AQD,NET_ES209A,STA_ES1438A,ES1438A,SP_08019043_9_M,SPP_08019043_9_M.1,SAM_08019043_9_M,PM2.5,http://dd.eionet.europa.eu/vocabulary/aq/pollutant/6001,day,19.5,µg/m3,2013-07-04 00:00:00 +01:00,2013-07-05 00:00:00 +01:00,1,1
ES,ES.BDCA.AQD,NET_ES209A,STA_ES1438A,ES1438A,SP_08019043_9_M,SPP_08019043_9_M.1,SAM_08019043_9_M,PM2.5,http://dd.eionet.europa.eu/vocabulary/aq/pollutant/6001,day,19.4,µg/m3,2013-07-01 00:00:00 +01:00,2013-07-02 00:00:00 +01:00,1,1
ES,ES.BDCA.AQD,NET_ES209A,STA_ES1438A,ES1438A,SP_08019043_9_M,SPP_08019043_9_M.1,SAM_08019043_9_M,PM2.5,http://dd.eionet.europa.eu/vocabulary/aq/pollutant/6001,day,17.2,µg/m3,2013-06-29 00:00:00 +01:00,2013-06-30 00:00:00 +01:00,1,1
ES,ES.BDCA.AQD,NET_ES209A,STA_ES1438A,ES1438A,SP_08019043_9_M,SPP_08019043_9_M.1,SAM_08019043_9_M,PM2.5,http://dd.eionet.europa.eu/vocabulary/aq/pollutant/6001,day,27.5,µg/m3,2013-07-10 00:00:00 +01:00,2013-07-11 00:00:00 +01:00,1,1
ES,ES.BDCA.AQD,NET_ES209A,STA_ES1438A,ES1438A,SP_08019043_9_M,SPP_08019043_9_M.1,SAM_08019043_9_M,PM2.5,http://dd.eionet.europa.eu/vocabulary/aq/pollutant/6001,day,22.2,µg/m3,2013-07-05 00:00:00 +01:00,2013-07-06 00:00:00 +01:00,1,1
ES,ES.BDCA.AQD,NET_ES209A,STA_ES1438A,ES1438A,SP_08019043_9_M,SPP_08019043_9_M.1,SAM_08019043_9_M,PM2.5,http://dd.eionet.europa.eu/vocabulary/aq/pollutant/6001,day,21.0,µg/m3,2013-07-06 00:00:00 +01:00,2013-07-07 00:00:00 +01:00,1,1
ES,ES.BDCA.AQD,NET_ES209A,STA_ES1438A,ES1438A,SP_08019043_9_M,SPP_08019043_9_M.1,SAM_08019043_9_M,PM2.5,http://dd.eionet.europa.eu/vocabulary/aq/pollutant/6001,day,21.8,µg/m3,2013-07-07 00:00:00 +01:00,2013-07-08 00:00:00 +01:00,1,1
ES,ES.BDCA.AQD,NET_ES209A,STA_ES1438A,ES1438A,SP_08019043_9_M,SPP_08019043_9_M.1,SAM_08019043_9_M,PM2.5,http://dd.eionet.europa.eu/vocabulary/aq/pollutant/6001,day,16.8,µg/m3,2013-06-26 00:00:00 +01:00,2013-06-27 00:00:00 +01:00,1,1
ES,ES.BDCA.AQD,NET_ES209A,STA_ES1438A,ES1438A,SP_08019043_9_M,SPP_08019043_9_M.1,SAM_08019043_9_M,PM2.5,http://dd.eionet.europa.eu/vocabulary/aq/pollutant/6001,day,,µg/m3,2013-06-23 00:00:00 +01:00,2013-06-24 00:00:00 +01:00,-1,1
ES,ES.BDCA.AQD,NET_ES209A,STA_ES1438A,ES1438A,SP_08019043_9_M,SPP_08019043_9_M.1,SAM_08019043_9_M,PM2.5,http://dd.eionet.europa.eu/vocabulary/aq/pollutant/6001,day,14.3,µg/m3,2013-06-20 00:00:00 +01:00,2013-06-21 00:00:00 +01:00,1,1
ES,ES.BDCA.AQD,NET_ES209A,STA_ES1438A,ES1438A,SP_08019043_9_M,SPP_08019043_9_M.1,SAM_08019043_9_M,PM2.5,http://dd.eionet.europa.eu/vocabulary/aq/pollutant/6001,day,20.4,µg/m3,2013-06-18 00:00:00 +01:00,2013-06-19 00:00:00 +01:00,1,1
ES,ES.BDCA.AQD,NET_ES209A,STA_ES1438A,ES1438A,SP_08019043_9_M,SPP_08019043_9_M.1,SAM_08019043_9_M,PM2.5,http://dd.eionet.europa.eu/vocabulary/aq/pollutant/6001,day,15.0,µg/m3,2013-08-07 00:00:00 +01:00,2013-08-08 00:00:00 +01:00,1,1
ES,ES.BDCA.AQD,NET_ES209A,STA_ES1438A,ES1438A,SP_08019043_9_M,SPP_08019043_9_M.1,SAM_08019043_9_M,PM2.5,http://dd.eionet.europa.eu/vocabulary/aq/pollutant/6001,day,11.5,µg/m3,2013-08-08 00:00:00 +01:00,2013-08-09 00:00:00 +01:00,1,1
ES,ES.BDCA.AQD,NET_ES209A,STA_ES1438A,ES1438A,SP_08019043_9_M,SPP_08019043_9_M.1,SAM_08019043_9_M,PM2.5,http://dd.eionet.europa.eu/vocabulary/aq/pollutant/6001,day,12.7,µg/m3,2013-08-04 00:00:00 +01:00,2013-08-05 00:00:00 +01:00,1,1
ES,ES.BDCA.AQD,NET_ES209A,STA_ES1438A,ES1438A,SP_08019043_9_M,SPP_08019043_9_M.1,SAM_08019043_9_M,PM2.5,http://dd.eionet.europa.eu/vocabulary/aq/pollutant/6001,day,14.5,µg/m3,2013-08-14 00:00:00 +01:00,2013-08-15 00:00:00 +01:00,1,1
ES,ES.BDCA.AQD,NET_ES209A,STA_ES1438A,ES1438A,SP_08019043_9_M,SPP_08019043_9_M.1,SAM_08019043_9_M,PM2.5,http://dd.eionet.europa.eu/vocabulary/aq/pollutant/6001,day,14.3,µg/m3,2013-08-13 00:00:00 +01:00,2013-08-14 00:00:00 +01:00,1,1
ES,ES.BDCA.AQD,NET_ES209A,STA_ES1438A,ES1438A,SP_08019043_9_M,SPP_08019043_9_M.1,SAM_08019043_9_M,PM2.5,http://dd.eionet.europa.eu/vocabulary/aq/pollutant/6001,day,12.3,µg/m3,2013-08-11 00:00:00 +01:00,2013-08-12 00:00:00 +01:00,1,1
ES,ES.BDCA.AQD,NET_ES209A,STA_ES1438A,ES1438A,SP_08019043_9_M,SPP_08019043_9_M.1,SAM_08019043_9_M,PM2.5,http://dd.eionet.europa.eu/vocabulary/aq/pollutant/6001,day,17.8,µg/m3,2013-07-21 00:00:00 +01:00,2013-07-22 00:00:00 +01:00,1,1
ES,ES.BDCA.AQD,NET_ES209A,STA_ES1438A,ES1438A,SP_08019043_9_M,SPP_08019043_9_M.1,SAM_08019043_9_M,PM2.5,http://dd.eionet.europa.eu/vocabulary/aq/pollutant/6001,day,17.9,µg/m3,2013-07-27 00:00:00 +01:00,2013-07-28 00:00:00 +01:00,1,1
ES,ES.BDCA.AQD,NET_ES209A,STA_ES1438A,ES1438A,SP_08019043_9_M,SPP_08019043_9_M.1,SAM_08019043_9_M,PM2.5,http://dd.eionet.europa.eu/vocabulary/aq/pollutant/6001,day,17.4,µg/m3,2013-07-25 00:00:00 +01:00,2013-07-26 00:00:00 +01:00,1,1
ES,ES.BDCA.AQD,NET_ES209A,STA_ES1438A,ES1438A,SP_08019043_9_M,SPP_08019043_9_M.1,SAM_08019043_9_M,PM2.5,http://dd.eionet.europa.eu/vocabulary/aq/pollutant/6001,day,17.3,µg/m3,2013-07-24 00:00:00 +01:00,2013-07-25 00:00:00 +01:00,1,1
ES,ES.BDCA.AQD,NET_ES209A,STA_ES1438A,ES1438A,SP_08019043_9_M,SPP_08019043_9_M.1,SAM_08019043_9_M,PM2.5,http://dd.eionet.europa.eu/vocabulary/aq/pollutant/6001,day,14.8,µg/m3,2013-08-01 00:00:00 +01:00,2013-08-02 00:00:00 +01:00,1,1
ES,ES.BDCA.AQD,NET_ES209A,STA_ES1438A,ES1438A,SP_08019043_9_M,SPP_08019043_9_M.1,SAM_08019043_9_M,PM2.5,http://dd.eionet.europa.eu/vocabulary/aq/pollutant/6001,day,15.9,µg/m3,2013-07-31 00:00:00 +01:00,2013-08-01 00:00:00 +01:00,1,1
ES,ES.BDCA.AQD,NET_ES209A,STA_ES1438A,ES1438A,SP_08019043_9_M,SPP_08019043_9_M.1,SAM_08019043_9_M,PM2.5,http://dd.eionet.europa.eu/vocabulary/aq/pollutant/6001,day,11.1,µg/m3,2013-08-24 00:00:00 +01:00,2013-08-25 00:00:00 +01:00,1,1
ES,ES.BDCA.AQD,NET_ES209A,STA_ES1438A,ES1438A,SP_08019043_9_M,SPP_08019043_9_M.1,SAM_08019043_9_M,PM2.5,http://dd.eionet.europa.eu/vocabulary/aq/pollutant/6001,day,11.8,µg/m3,2013-08-23 00:00:00 +01:00,2013-08-24 00:00:00 +01:00,1,1
ES,ES.BDCA.AQD,NET_ES209A,STA_ES1438A,ES1438A,SP_08019043_9_M,SPP_08019043_9_M.1,SAM_08019043_9_M,PM2.5,http://dd.eionet.europa.eu/vocabulary/aq/pollutant/6001,day,13.7,µg/m3,2013-08-18 00:00:00 +01:00,2013-08-19 00:00:00 +01:00,1,1
ES,ES.BDCA.AQD,NET_ES209A,STA_ES1438A,ES1438A,SP_08019043_9_M,SPP_08019043_9_M.1,SAM_08019043_9_M,PM2.5,http://dd.eionet.europa.eu/vocabulary/aq/pollutant/6001,day,11.6,µg/m3,2013-08-16 00:00:00 +01:00,2013-08-17 00:00:00 +01:00,1,1
ES,ES.BDCA.AQD,NET_ES209A,STA_ES1438A,ES1438A,SP_08019043_9_M,SPP_08019043_9_M.1,SAM_08019043_9_M,PM2.5,http://dd.eionet.europa.eu/vocabulary/aq/pollutant/6001,day,19.4,µg/m3,2013-07-26 00:00:00 +01:00,2013-07-27 00:00:00 +01:00,1,1
ES,ES.BDCA.AQD,NET_ES209A,STA_ES1438A,ES1438A,SP_08019043_9_M,SPP_08019043_9_M.1,SAM_08019043_9_M,PM2.5,http://dd.eionet.europa.eu/vocabulary/aq/pollutant/6001,day,15.3,µg/m3,2013-08-06 00:00:00 +01:00,2013-08-07 00:00:00 +01:00,1,1
ES,ES.BDCA.AQD,NET_ES209A,STA_ES1438A,ES1438A,SP_08019043_9_M,SPP_08019043_9_M.1,SAM_08019043_9_M,PM2.5,http://dd.eionet.europa.eu/vocabulary/aq/pollutant/6001,day,13.4,µg/m3,2013-08-12 00:00:00 +01:00,2013-08-13 00:00:00 +01:00,1,1
ES,ES.BDCA.AQD,NET_ES209A,STA_ES1438A,ES1438A,SP_08019043_9_M,SPP_08019043_9_M.1,SAM_08019043_9_M,PM2.5,http://dd.eionet.europa.eu/vocabulary/aq/pollutant/6001,day,11.8,µg/m3,2013-08-09 00:00:00 +01:00,2013-08-10 00:00:00 +01:00,1,1
ES,ES.BDCA.AQD,NET_ES209A,STA_ES1438A,ES1438A,SP_08019043_9_M,SPP_08019043_9_M.1,SAM_08019043_9_M,PM2.5,http://dd.eionet.europa.eu/vocabulary/aq/pollutant/6001,day,17.5,µg/m3,2013-09-03 00:00:00 +01:00,2013-09-04 00:00:00 +01:00,1,1
ES,ES.BDCA.AQD,NET_ES209A,STA_ES1438A,ES1438A,SP_08019043_9_M,SPP_08019043_9_M.1,SAM_08019043_9_M,PM2.5,http://dd.eionet.europa.eu/vocabulary/aq/pollutant/6001,day,16.5,µg/m3,2013-09-04 00:00:00 +01:00,2013-09-05 00:00:00 +01:00,1,1
ES,ES.BDCA.AQD,NET_ES209A,STA_ES1438A,ES1438A,SP_08019043_9_M,SPP_08019043_9_M.1,SAM_08019043_9_M,PM2.5,http://dd.eionet.europa.eu/vocabulary/aq/pollutant/6001,day,13.6,µg/m3,2013-08-21 00:00:00 +01:00,2013-08-22 00:00:00 +01:00,1,1
ES,ES.BDCA.AQD,NET_ES209A,STA_ES1438A,ES1438A,SP_08019043_9_M,SPP_08019043_9_M.1,SAM_08019043_9_M,PM2.5,http://dd.eionet.europa.eu/vocabulary/aq/pollutant/6001,day,9.7,µg/m3,2013-08-26 00:00:00 +01:00,2013-08-27 00:00:00 +01:00,1,1
ES,ES.BDCA.AQD,NET_ES209A,STA_ES1438A,ES1438A,SP_08019043_9_M,SPP_08019043_9_M.1,SAM_08019043_9_M,PM2.5,http://dd.eionet.europa.eu/vocabulary/aq/pollutant/6001,day,8.0,µg/m3,2013-08-25 00:00:00 +01:00,2013-08-26 00:00:00 +01:00,1,1
ES,ES.BDCA.AQD,NET_ES209A,STA_ES1438A,ES1438A,SP_08019043_9_M,SPP_08019043_9_M.1,SAM_08019043_9_M,PM2.5,http://dd.eionet.europa.eu/vocabulary/aq/pollutant/6001,day,19.1,µg/m3,2013-08-02 00:00:00 +01:00,2013-08-03 00:00:00 +01:00,1,1
ES,ES.BDCA.AQD,NET_ES209A,STA_ES1438A,ES1438A,SP_08019043_9_M,SPP_08019043_9_M.1,SAM_08019043_9_M,PM2.5,http://dd.eionet.europa.eu/vocabulary/aq/pollutant/6001,day,11.8,µg/m3,2013-07-30 00:00:00 +01:00,2013-07-31 00:00:00 +01:00,1,1
ES,ES.BDCA.AQD,NET_ES209A,STA_ES1438A,ES1438A,SP_08019043_9_M,SPP_08019043_9_M.1,SAM_08019043_9_M,PM2.5,http://dd.eionet.europa.eu/vocabulary/aq/pollutant/6001,day,13.2,µg/m3,2013-11-26 00:00:00 +01:00,2013-11-27 00:00:00 +01:00,1,1
ES,ES.BDCA.AQD,NET_ES209A,STA_ES1438A,ES1438A,SP_08019043_9_M,SPP_08019043_9_M.1,SAM_08019043_9_M,PM2.5,http://dd.eionet.europa.eu/vocabulary/aq/pollutant/6001,day,9.6,µg/m3,2013-11-09 00:00:00 +01:00,2013-11-10 00:00:00 +01:00,1,1
ES,ES.BDCA.AQD,NET_ES209A,STA_ES1438A,ES1438A,SP_08019043_9_M,SPP_08019043_9_M.1,SAM_08019043_9_M,PM2.5,http://dd.eionet.europa.eu/vocabulary/aq/pollutant/6001,day,14.2,µg/m3,2013-11-05 00:00:00 +01:00,2013-11-06 00:00:00 +01:00,1,1
ES,ES.BDCA.AQD,NET_ES209A,STA_ES1438A,ES1438A,SP_08019043_9_M,SPP_08019043_9_M.1,SAM_08019043_9_M,PM2.5,http://dd.eionet.europa.eu/vocabulary/aq/pollutant/6001,day,8.9,µg/m3,2013-11-03 00:00:00 +01:00,2013-11-04 00:00:00 +01:00,1,1
ES,ES.BDCA.AQD,NET_ES209A,STA_ES1438A,ES1438A,SP_08019043_9_M,SPP_08019043_9_M.1,SAM_08019043_9_M,PM2.5,http://dd.eionet.europa.eu/vocabulary/aq/pollutant/6001,day,17.3,µg/m3,2013-10-28 00:00:00 +01:00,2013-10-29 00:00:00 +01:00,1,1
ES,ES.BDCA.AQD,NET_ES209A,STA_ES1438A,ES1438A,SP_08019043_9_M,SPP_08019043_9_M.1,SAM_08019043_9_M,PM2.5,http://dd.eionet.europa.eu/vocabulary/aq/pollutant/6001,day,13.2,µg/m3,2013-11-02 00:00:00 +01:00,2013-11-03 00:00:00 +01:00,1,1
ES,ES.BDCA.AQD,NET_ES209A,STA_ES1438A,ES1438A,SP_08019043_9_M,SPP_08019043_9_M.1,SAM_08019043_9_M,PM2.5,http://dd.eionet.europa.eu/vocabulary/aq/pollutant/6001,day,19.5,µg/m3,2013-10-15 00:00:00 +01:00,2013-10-16 00:00:00 +01:00,1,1
ES,ES.BDCA.AQD,NET_ES209A,STA_ES1438A,ES1438A,SP_08019043_9_M,SPP_08019043_9_M.1,SAM_08019043_9_M,PM2.5,http://dd.eionet.europa.eu/vocabulary/aq/pollutant/6001,day,13.5,µg/m3,2013-10-20 00:00:00 +01:00,2013-10-21 00:00:00 +01:00,1,1
ES,ES.BDCA.AQD,NET_ES209A,STA_ES1438A,ES1438A,SP_08019043_9_M,SPP_08019043_9_M.1,SAM_08019043_9_M,PM2.5,http://dd.eionet.europa.eu/vocabulary/aq/pollutant/6001,day,8.1,µg/m3,2013-09-29 00:00:00 +01:00,2013-09-30 00:00:00 +01:00,1,1
ES,ES.BDCA.AQD,NET_ES209A,STA_ES1438A,ES1438A,SP_08019043_9_M,SPP_08019043_9_M.1,SAM_08019043_9_M,PM2.5,http://dd.eionet.europa.eu/vocabulary/aq/pollutant/6001,day,8.1,µg/m3,2013-10-11 00:00:00 +01:00,2013-10-12 00:00:00 +01:00,1,1
ES,ES.BDCA.AQD,NET_ES209A,STA_ES1438A,ES1438A,SP_08019043_9_M,SPP_08019043_9_M.1,SAM_08019043_9_M,PM2.5,http://dd.eionet.europa.eu/vocabulary/aq/pollutant/6001,day,12.6,µg/m3,2013-10-09 00:00:00 +01:00,2013-10-10 00:00:00 +01:00,1,1
ES,ES.BDCA.AQD,NET_ES209A,STA_ES1438A,ES1438A,SP_08019043_9_M,SPP_08019043_9_M.1,SAM_08019043_9_M,PM2.5,http://dd.eionet.europa.eu/vocabulary/aq/pollutant/6001,day,11.0,µg/m3,2013-09-24 00:00:00 +01:00,2013-09-25 00:00:00 +01:00,1,1
ES,ES.BDCA.AQD,NET_ES209A,STA_ES1438A,ES1438A,SP_08019043_9_M,SPP_08019043_9_M.1,SAM_08019043_9_M,PM2.5,http://dd.eionet.europa.eu/vocabulary/aq/pollutant/6001,day,13.9,µg/m3,2013-09-23 00:00:00 +01:00,2013-09-24 00:00:00 +01:00,1,1
ES,ES.BDCA.AQD,NET_ES209A,STA_ES1438A,ES1438A,SP_08019043_9_M,SPP_08019043_9_M.1,SAM_08019043_9_M,PM2.5,http://dd.eionet.europa.eu/vocabulary/aq/pollutant/6001,day,13.9,µg/m3,2013-09-10 00:00:00 +01:00,2013-09-11 00:00:00 +01:00,1,1
ES,ES.BDCA.AQD,NET_ES209A,STA_ES1438A,ES1438A,SP_08019043_9_M,SPP_08019043_9_M.1,SAM_08019043_9_M,PM2.5,http://dd.eionet.europa.eu/vocabulary/aq/pollutant/6001,day,12.3,µg/m3,2013-09-16 00:00:00 +01:00,2013-09-17 00:00:00 +01:00,1,1
ES,ES.BDCA.AQD,NET_ES209A,STA_ES1438A,ES1438A,SP_08019043_9_M,SPP_08019043_9_M.1,SAM_08019043_9_M,PM2.5,http://dd.eionet.europa.eu/vocabulary/aq/pollutant/6001,day,15.9,µg/m3,2013-12-15 00:00:00 +01:00,2013-12-16 00:00:00 +01:00,1,1
ES,ES.BDCA.AQD,NET_ES209A,STA_ES1438A,ES1438A,SP_08019043_9_M,SPP_08019043_9_M.1,SAM_08019043_9_M,PM2.5,http://dd.eionet.europa.eu/vocabulary/aq/pollutant/6001,day,15.3,µg/m3,2013-12-21 00:00:00 +01:00,2013-12-22 00:00:00 +01:00,1,1
ES,ES.BDCA.AQD,NET_ES209A,STA_ES1438A,ES1438A,SP_08019043_9_M,SPP_08019043_9_M.1,SAM_08019043_9_M,PM2.5,http://dd.eionet.europa.eu/vocabulary/aq/pollutant/6001,day,15.8,µg/m3,2013-12-06 00:00:00 +01:00,2013-12-07 00:00:00 +01:00,1,1
ES,ES.BDCA.AQD,NET_ES209A,STA_ES1438A,ES1438A,SP_08019043_9_M,SPP_08019043_9_M.1,SAM_08019043_9_M,PM2.5,http://dd.eionet.europa.eu/vocabulary/aq/pollutant/6001,day,9.9,µg/m3,2013-12-02 00:00:00 +01:00,2013-12-03 00:00:00 +01:00,1,1
ES,ES.BDCA.AQD,NET_ES209A,STA_ES1438A,ES1438A,SP_08019043_9_M,SPP_08019043_9_M.1,SAM_08019043_9_M,PM2.5,http://dd.eionet.europa.eu/vocabulary/aq/pollutant/6001,day,17.9,µg/m3,2013-11-30 00:00:00 +01:00,2013-12-01 00:00:00 +01:00,1,1
ES,ES.BDCA.AQD,NET_ES209A,STA_ES1438A,ES1438A,SP_08019043_9_M,SPP_08019043_9_M.1,SAM_08019043_9_M,PM2.5,http://dd.eionet.europa.eu/vocabulary/aq/pollutant/6001,day,17.7,µg/m3,2013-11-28 00:00:00 +01:00,2013-11-29 00:00:00 +01:00,1,1
ES,ES.BDCA.AQD,NET_ES209A,STA_ES1438A,ES1438A,SP_08019043_9_M,SPP_08019043_9_M.1,SAM_08019043_9_M,PM2.5,http://dd.eionet.europa.eu/vocabulary/aq/pollutant/6001,day,8.0,µg/m3,2013-12-25 00:00:00 +01:00,2013-12-26 00:00:00 +01:00,1,1
